ZIP,City,County,Adjust Gross Income,Number of returns
46001,Alexandria,Madison,232301,4910
46011,Anderson,Madison,23258,1910
46012,Anderson,Madison,46583,1280
46013,Anderson,Madison,46723,760
46014,Anderson,Madison,39929,460
46015,Anderson,Madison,57726,460
46016,Anderson,Madison,18082,40
46017,Anderson,Madison,,
46018,Anderson,Madison,453901,8270
46030,Arcadia,Hamilton,36836,2960
46031,Atlanta,Hamilton,75263,2070
46032,Carmel,Hamilton,74992,1220
46033,Carmel,Hamilton,70925,820
46034,Cicero,Hamilton,133154,1020
46035,Colfax,Clinton,62731,180
46036,Elwood,Madison,,
46037,Fishers,Hamilton,404988,8880
46038,Fishers,Hamilton,44880,3510
46039,Forest,Clinton,88207,2460
46040,Fortville,Hancock,77695,1270
46041,Frankfort,Clinton,66348,770
46044,Frankton,Madison,100166,780
46045,Goldsmith,Tipton,27692,90
46047,Hobbs,Tipton,,
46048,Ingalls,Madison,360363,9040
46049,Kempton,Tipton,50449,3880
46050,Kirklin,Clinton,96069,2680
46051,Lapel,Madison,74867,1230
46052,Lebanon,Boone,56913,660
46055,Mc Cordsville,Hancock,68670,540
46056,Markleville,Madison,13395,50
46057,Michigantown,Clinton,,
46058,Mulberry,Clinton,180231,6880
46060,Noblesville,Hamilton,54831,4190
46061,Noblesville,Hamilton,65599,1890
46062,Noblesville,Hamilton,30988,520
46063,Orestes,Madison,15213,180
46064,Pendleton,Madison,13600,100
46065,Rossville,Clinton,** ,** 
46067,Sedalia,Clinton,,
46068,Sharpsville,Tipton,134923,3010
46069,Sheridan,Hamilton,15193,1220
46070,Summitville,Madison,28549,790
46071,Thorntown,Boone,28808,470
46072,Tipton,Tipton,23343,270
46074,Westfield,Hamilton,29069,230
46075,Whitestown,Boone,9961,30
46076,Windfall,Tipton,,
46077,Zionsville,Boone,90336,1430
46082,Carmel,Hamilton,5282,470
46102,Advance,Boone,12163,330
46103,Amo,Hendricks,14120,230
46104,Arlington,Rush,12443,140
46105,Bainbridge,Putnam,27341,200
46106,Bargersville,Johnson,18987,60
46107,Beech Grove,Marion,,
46110,Boggstown,Shelby,62338,1090
46111,Brooklyn,Morgan,4382,360
46112,Brownsburg,Hendricks,9010,240
46113,Camby,Morgan,12040,200
46115,Carthage,Rush,10022,120
46117,Charlottesville,Hancock,18099,140
46118,Clayton,Hendricks,8785,30
46120,Cloverdale,Putnam,,
46121,Coatesville,Putnam,3928913,23440
46122,Danville,Hendricks,58051,5840
46123,Avon,Hendricks,135913,3640
46124,Edinburgh,Johnson,167257,2700
46125,Eminence,Morgan,177989,2040
46126,Fairland,Shelby,697870,4920
46127,Falmouth,Rush,2691833,4300
46128,Fillmore,Putnam,,
46129,Finly,Hancock,2717361,17880
46130,Fountaintown,Shelby,38708,4360
46131,Franklin,Johnson,69822,1900
46133,Glenwood,Fayette,101508,1630
46135,Greencastle,Putnam,139418,1590
46140,Greenfield,Hancock,688681,4840
46142,Greenwood,Johnson,1679224,3560
46143,Greenwood,Johnson,,
46144,Gwynneville,Shelby,283491,3620
46146,Homer,Rush,12703,1150
46147,Jamestown,Boone,24030,650
46148,Knightstown,Henry,30342,490
46149,Lizton,Hendricks,35436,400
46150,Manilla,Rush,94093,690
46151,Martinsville,Morgan,86887,240
46154,Maxwell,Hancock,,
46155,Mays,Rush,26808,540
46156,Milroy,Rush,1980,170
46157,Monrovia,Morgan,5938,160
46158,Mooresville,Morgan,5665,90
46160,Morgantown,Morgan,5319,60
46161,Morristown,Shelby,7906,60
46162,Needham,Johnson,** ,** 
46163,New Palestine,Hancock,,
46164,Nineveh,Johnson,220648,5160
46165,North Salem,Hendricks,26438,2130
46166,Paragon,Morgan,52635,1440
46167,Pittsboro,Hendricks,46626,760
46168,Plainfield,Hendricks,35891,420
46170,Putnamville,Putnam,48597,380
46171,Reelsville,Putnam,10461,30
46172,Roachdale,Putnam,,
46173,Rushville,Rush,2392666,19880
46175,Russellville,Putnam,45912,4760
46176,Shelbyville,Shelby,97407,2630
46180,Stilesville,Hendricks,143399,2310
46181,Trafalgar,Johnson,182618,2090
46182,Waldron,Shelby,765388,5420
46183,West Newton,Marion,1157942,2670
46184,Whiteland,Johnson,,
46186,Wilkinson,Hancock,1706905,20490
46201,Indianapolis,Marion,55154,5310
46202,Indianapolis,Marion,144902,3840
46203,Indianapolis,Marion,200359,3220
46204,Indianapolis,Marion,226829,2610
46205,Indianapolis,Marion,603567,4490
46206,Indianapolis,Marion,476094,1020
46207,Indianapolis,Marion,,
46208,Indianapolis,Marion,16110,330
46209,Indianapolis,Marion,1332,110
46211,Indianapolis,Marion,3257,90
46214,Indianapolis,Marion,3083,50
46216,Indianapolis,Marion,3261,40
46217,Indianapolis,Marion,5177,40
46218,Indianapolis,Marion,** ,** 
46219,Indianapolis,Marion,,
46220,Indianapolis,Marion,676580,6210
46221,Indianapolis,Marion,17895,1710
46222,Indianapolis,Marion,39520,1070
46223,Indianapolis,Marion,44837,730
46224,Indianapolis,Marion,44998,520
46225,Indianapolis,Marion,180454,1270
46226,Indianapolis,Marion,348876,910
46227,Indianapolis,Marion,,
46228,Indianapolis,Marion,496153,10830
46229,Indianapolis,Marion,51000,4170
46230,Indianapolis,Marion,117087,3230
46231,Indianapolis,Marion,95304,1560
46234,Indianapolis,Marion,76315,880
46235,Indianapolis,Marion,110170,860
46236,Indianapolis,Marion,46277,130
46237,Indianapolis,Marion,,
46239,Indianapolis,Marion,71318,1420
46240,Indianapolis,Marion,5782,480
46241,Indianapolis,Marion,15494,420
46242,Indianapolis,Marion,12860,210
46244,Indianapolis,Marion,12755,150
46247,Indianapolis,Marion,18088,140
46249,Indianapolis,Marion,6339,20
46250,Indianapolis,Marion,,
46251,Indianapolis,Marion,37950,880
46253,Indianapolis,Marion,3659,300
46254,Indianapolis,Marion,10060,270
46255,Indianapolis,Marion,10336,170
46256,Indianapolis,Marion,6816,80
46259,Indianapolis,Marion,7079,60
46260,Indianapolis,Marion,** ,** 
46262,Indianapolis,Marion,,
46266,Indianapolis,Marion,20708,360
46268,Indianapolis,Marion,1471,110
46274,Indianapolis,Marion,3719,100
46275,Indianapolis,Marion,3664,60
46277,Indianapolis,Marion,3766,40
46278,Indianapolis,Marion,8088,50
46280,Indianapolis,Hamilton,** ,** 
46282,Indianapolis,Marion,,
46283,Indianapolis,Marion,45133,800
46285,Indianapolis,Marion,2946,270
46290,Indianapolis,Hamilton,6733,190
46291,Indianapolis,Marion,8169,130
46295,Indianapolis,Marion,7695,90
46296,Indianapolis,Marion,19590,120
46298,Indianapolis,Marion,** ,** 
46301,Beverly Shores,Porter,,
46302,Boone Grove,Porter,74556,1400
46303,Cedar Lake,Lake,5299,470
46304,Chesterton,Porter,13009,360
46307,Crown Point,Lake,12982,210
46308,Crown Point,Lake,12555,150
46310,Demotte,Jasper,30711,210
46311,Dyer,Lake,** ,** 
46312,East Chicago,Lake,,
46319,Griffith,Lake,621269,10970
46320,Hammond,Lake,44911,3760
46321,Munster,Lake,104693,2880
46322,Highland,Lake,98216,1600
46323,Hammond,Lake,97450,1120
46324,Hammond,Lake,175759,1340
46325,Hammond,Lake,100240,270
46327,Hammond,Lake,,
46340,Hanna,La Porte,659292,6400
46341,Hebron,Porter,16435,1590
46342,Hobart,Lake,37717,1020
46345,Kingsbury,La Porte,55135,890
46346,Kingsford Heights,La Porte,71188,810
46347,Kouts,Porter,202238,1480
46348,La Crosse,La Porte,276579,610
46349,Lake Village,Newton,,
46350,La Porte,La Porte,66970,1160
46352,La Porte,La Porte,4548,380
46355,Leroy,Lake,10484,280
46356,Lowell,Lake,11562,190
46360,Michigan City,La Porte,10130,120
46361,Michigan City,La Porte,21541,160
46365,Mill Creek,La Porte,8705,30
46366,North Judson,Starke,,
46368,Portage,Porter,26571,520
46371,Rolling Prairie,La Porte,2111,180
46372,Roselawn,Newton,4763,130
46373,Saint John,Lake,5437,90
46374,San Pierre,Starke,5433,60
46375,Schererville,Lake,8827,60
46376,Schneider,Lake,** ,** 
46377,Shelby,Lake,,
46379,Sumava Resorts,Newton,56954,1000
46380,Tefft,Jasper,3871,330
46381,Thayer,Newton,8438,230
46382,Union Mills,La Porte,9562,150
46383,Valparaiso,Porter,11094,130
46384,Valparaiso,Porter,17443,140
46385,Valparaiso,Porter,6546,20
46390,Wanatah,La Porte,,
46391,Westville,La Porte,1377031,19860
46392,Wheatfield,Jasper,69642,6020
46393,Wheeler,Porter,166309,4510
46394,Whiting,Lake,185146,2990
46401,Gary,Lake,192765,2220
46402,Gary,Lake,449912,3360
46403,Gary,Lake,313257,760
46404,Gary,Lake,,
46405,Lake Station,Lake,1674474,17170
46406,Gary,Lake,49139,4640
46407,Gary,Lake,106883,2890
46408,Gary,Lake,134385,2170
46409,Gary,Lake,171834,1970
46410,Merrillville,Lake,544739,3960
46411,Merrillville,Lake,667494,1540
46501,Argos,Marshall,,
46502,Atwood,Kosciusko,485146,6750
46504,Bourbon,Marshall,22018,1980
46506,Bremen,Marshall,53053,1430
46507,Bristol,Elkhart,65003,1050
46508,Burket,Kosciusko,71588,820
46510,Claypool,Kosciusko,162356,1210
46511,Culver,Marshall,111128,260
46513,Donaldson,Marshall,,
46514,Elkhart,Elkhart,92862,1680
46515,Elkhart,Elkhart,6494,560
46516,Elkhart,Elkhart,14321,400
46517,Elkhart,Elkhart,16605,270
46524,Etna Green,Kosciusko,16521,190
46526,Goshen,Elkhart,29070,230
46527,Goshen,Elkhart,9851,30
46528,Goshen,Elkhart,,
46530,Granger,St Joseph,79799,1310
46531,Grovertown,Starke,4407,390
46532,Hamlet,Starke,10360,280
46534,Knox,Starke,12173,200
46536,Lakeville,St Joseph,14710,170
46537,Lapaz,Marshall,31048,240
46538,Leesburg,Kosciusko,7101,30
46539,Mentone,Kosciusko,,
46540,Middlebury,Elkhart,210050,3340
46542,Milford,Kosciusko,12727,1130
46543,Millersburg,Elkhart,29678,810
46544,Mishawaka,St Joseph,31586,510
46545,Mishawaka,St Joseph,30207,350
46546,Mishawaka,St Joseph,56896,430
46550,Nappanee,Elkhart,48956,110
46552,New Carlisle,St Joseph,,
46553,New Paris,Elkhart,49051,1000
46554,North Liberty,St Joseph,4479,370
46555,North Webster,Kosciusko,9377,260
46556,Notre Dame,St Joseph,9814,160
46561,Osceola,St Joseph,7461,90
46562,Pierceton,Kosciusko,17920,120
46563,Plymouth,Marshall,** ,** 
46565,Shipshewana,Lagrange,,
46567,Syracuse,Kosciusko,96704,1600
46570,Tippecanoe,Marshall,5888,520
46571,Topeka,Lagrange,13564,370
46572,Tyner,Marshall,16928,270
46573,Wakarusa,Elkhart,15896,180
46574,Walkerton,St Joseph,27855,210
46580,Warsaw,Kosciusko,16573,50
46581,Warsaw,Kosciusko,,
46582,Warsaw,Kosciusko,239898,4440
46590,Winona Lake,Kosciusko,18662,1600
46595,Wyatt,St Joseph,40918,1110
46601,South Bend,St Joseph,39149,640
46604,South Bend,St Joseph,41810,480
46613,South Bend,St Joseph,68815,520
46614,South Bend,St Joseph,30544,90
46615,South Bend,St Joseph,,
46616,South Bend,St Joseph,1854583,17010
46617,South Bend,St Joseph,42987,4280
46619,South Bend,St Joseph,90915,2450
46620,South Bend,St Joseph,118457,1910
46624,South Bend,St Joseph,150837,1730
46626,South Bend,St Joseph,636081,4510
46628,South Bend,St Joseph,815306,2130
46634,South Bend,St Joseph,,
46635,South Bend,St Joseph,251790,3170
46637,South Bend,St Joseph,7905,680
46660,South Bend,St Joseph,23998,640
46680,South Bend,St Joseph,35250,560
46699,South Bend,St Joseph,40954,470
46701,Albion,Noble,92346,700
46702,Andrews,Huntington,51337,120
46703,Angola,Steuben,,
46704,Arcola,Allen,41944,740
46705,Ashley,De Kalb,3018,240
46706,Auburn,De Kalb,6677,180
46710,Avilla,Noble,7894,130
46711,Berne,Adams,6416,70
46713,Bippus,Huntington,17939,120
46714,Bluffton,Wells,** ,** 
46721,Butler,De Kalb,,
46723,Churubusco,Whitley,2568102,14420
46725,Columbia City,Whitley,30323,3450
46730,Corunna,De Kalb,57939,1560
46731,Craigville,Wells,81710,1320
46732,Cromwell,Noble,99923,1140
46733,Decatur,Adams,513353,3560
46737,Fremont,Steuben,1784854,3390
46738,Garrett,De Kalb,,
46740,Geneva,Adams,22107,450
46741,Grabill,Allen,1948,160
46742,Hamilton,Steuben,4025,110
46743,Harlan,Allen,4664,80
46745,Hoagland,Allen,3718,40
46746,Howe,Lagrange,7752,60
46747,Hudson,Steuben,** ,** 
46748,Huntertown,Allen,,
46750,Huntington,Huntington,45967,870
46755,Kendallville,Noble,3804,290
46759,Keystone,Wells,8027,220
46760,Kimmell,Noble,8487,140
46761,Lagrange,Lagrange,9166,110
46763,Laotto,Noble,16483,110
46764,Larwill,Whitley,** ,** 
46765,Leo,Allen,,
46766,Liberty Center,Wells,360499,3610
46767,Ligonier,Noble,11010,1030
46769,Linn Grove,Adams,24161,650
46770,Markle,Wells,29490,480
46771,Mongo,Lagrange,34484,400
46772,Monroe,Adams,98081,710
46773,Monroeville,Allen,163273,340
46774,New Haven,Allen,,
46776,Orland,Steuben,268949,6390
46777,Ossian,Wells,30189,2420
46778,Petroleum,Wells,74843,2070
46779,Pleasant Lake,Steuben,58982,970
46780,Pleasant Mills,Adams,44295,510
46781,Poneto,Wells,45623,360
46782,Preble,Adams,15017,60
46783,Roanoke,Huntington,,
46784,Rome City,Noble,14979,240
46785,Saint Joe,De Kalb,750,70
46786,South Milford,Lagrange,2281,60
46787,South Whitley,Whitley,2425,40
46788,Spencerville,Allen,2522,30
46789,Stroh,Lagrange,7001,40
46791,Uniondale,Wells,** ,** 
46792,Warren,Huntington,,
46793,Waterloo,De Kalb,1434517,18770
46794,Wawaka,Noble,58678,5310
46795,Wolcottville,Lagrange,130289,3540
46796,Wolflake,Noble,170626,2760
46797,Woodburn,Allen,185431,2130
46798,Yoder,Allen,548700,4050
46799,Zanesville,Allen,340793,980
46801,Fort Wayne,Allen,,
46802,Fort Wayne,Allen,388350,7320
46803,Fort Wayne,Allen,29392,2360
46804,Fort Wayne,Allen,71409,1950
46805,Fort Wayne,Allen,77075,1250
46806,Fort Wayne,Allen,72458,840
46807,Fort Wayne,Allen,106468,830
46808,Fort Wayne,Allen,31548,90
46809,Fort Wayne,Allen,,
46814,Fort Wayne,Allen,49446,910
46815,Fort Wayne,Allen,3399,290
46816,Fort Wayne,Allen,8887,240
46818,Fort Wayne,Allen,9774,160
46819,Fort Wayne,Allen,9026,110
46825,Fort Wayne,Allen,18360,110
46835,Fort Wayne,Allen,** ,** 
46845,Fort Wayne,Allen,,
46850,Fort Wayne,Allen,17287,320
46851,Fort Wayne,Allen,1239,110
46852,Fort Wayne,Allen,2559,70
46853,Fort Wayne,Allen,3318,50
46854,Fort Wayne,Allen,3362,40
46855,Fort Wayne,Allen,6809,50
46856,Fort Wayne,Allen,** ,** 
46857,Fort Wayne,Allen,,
46858,Fort Wayne,Allen,147303,2430
46859,Fort Wayne,Allen,8697,730
46860,Fort Wayne,Allen,20210,550
46861,Fort Wayne,Allen,24790,400
46862,Fort Wayne,Allen,27478,320
46863,Fort Wayne,Allen,49131,380
46864,Fort Wayne,Allen,16997,50
46865,Fort Wayne,Allen,,
46866,Fort Wayne,Allen,140512,2780
46867,Fort Wayne,Allen,12152,1030
46868,Fort Wayne,Allen,25370,700
46869,Fort Wayne,Allen,26533,430
46885,Fort Wayne,Allen,25156,290
46895,Fort Wayne,Allen,36125,280
46896,Fort Wayne,Allen,15176,50
46897,Fort Wayne,Allen,,
46898,Fort Wayne,Allen,166720,2470
46899,Fort Wayne,Allen,8075,720
46901,Kokomo,Howard,21360,570
46902,Kokomo,Howard,24088,390
46903,Kokomo,Howard,27103,310
46904,Kokomo,Howard,54027,410
46910,Akron,Fulton,32067,70
46911,Amboy,Miami,,
46912,Athens,Fulton,527683,7720
46913,Bringhurst,Carroll,27401,2360
46914,Bunker Hill,Miami,60680,1660
46915,Burlington,Carroll,69723,1120
46916,Burrows,Carroll,81354,930
46917,Camden,Carroll,182313,1370
46919,Converse,Miami,106212,280
46920,Cutler,Carroll,,
46921,Deedsville,Miami,1403915,18400
46922,Delong,Fulton,57065,5190
46923,Delphi,Carroll,128798,3480
46926,Denver,Miami,161582,2600
46928,Fairmount,Grant,189747,2170
46929,Flora,Carroll,548435,4060
46930,Fowlerton,Grant,318288,900
46931,Fulton,Fulton,,
46932,Galveston,Cass,170050,3580
46933,Gas City,Grant,17030,1430
46935,Grass Creek,Fulton,35111,980
46936,Greentown,Howard,30010,490
46937,Hemlock,Howard,26348,310
46938,Jonesboro,Grant,40767,310
46939,Kewanna,Fulton,20784,60
46940,La Fontaine,Wabash,,
46941,Lagro,Wabash,132467,2320
46942,Lake Cicott,Cass,8411,750
46943,Laketon,Wabash,19737,540
46945,Leiters Ford,Fulton,23543,380
46946,Liberty Mills,Wabash,23199,270
46947,Logansport,Cass,43661,330
46950,Lucerne,Cass,13916,50
46951,Macy,Miami,,
46952,Marion,Grant,7385,160
46953,Marion,Grant,701,60
46957,Matthews,Grant,1545,40
46958,Mexico,Miami,1764,30
46959,Miami,Miami,3375,30
46960,Monterey,Pulaski,** ,** 
46961,New Waverly,Cass,0,0
46962,North Manchester,Wabash,,
46965,Oakford,Howard,53039,1020
46967,Onward,Cass,4077,340
46968,Ora,Starke,8990,250
46970,Peru,Miami,11129,180
46971,Grissom Arb,Miami,10145,120
46974,Roann,Wabash,18698,130
46975,Rochester,Fulton,** ,** 
46977,Rockfield,Carroll,,
46978,Royal Center,Cass,76198,1220
46979,Russiaville,Howard,3876,370
46980,Servia,Wabash,8965,240
46982,Silver Lake,Kosciusko,14757,240
46984,Somerset,Wabash,11955,140
46985,Star City,Pulaski,25394,190
46986,Swayzee,Grant,11251,40
46987,Sweetser,Grant,,
46988,Twelve Mile,Cass,831893,14940
46989,Upland,Grant,60352,5200
46990,Urbana,Wabash,134727,3680
46991,Van Buren,Grant,150344,2440
46992,Wabash,Wabash,131980,1520
46994,Walton,Cass,231507,1760
46995,West Middleton,Howard,122983,340
46996,Winamac,Pulaski,,
46998,Young America,Cass,17861,410
47001,Aurora,Dearborn,1703,160
47003,West College Corner,Union,4266,120
47006,Batesville,Ripley,3641,60
47010,Bath,Franklin,3228,40
47011,Bennington,Switzerland,5023,30
47012,Brookville,Franklin,** ,** 
47016,Cedar Grove,Franklin,,
47017,Cross Plains,Ripley,395361,7840
47018,Dillsboro,Dearborn,33904,2940
47019,East Enterprise,Switzerland,74673,2060
47020,Florence,Switzerland,70156,1130
47021,Friendship,Ripley,65039,750
47022,Guilford,Dearborn,107998,830
47023,Holton,Ripley,43591,130
47024,Laurel,Franklin,,
47025,Lawrenceburg,Dearborn,1232472,20160
47030,Metamora,Franklin,76184,6600
47031,Milan,Ripley,170792,4670
47032,Moores Hill,Dearborn,194170,3140
47033,Morris,Ripley,194719,2240
47034,Napoleon,Ripley,386934,2940
47035,New Trenton,Franklin,209673,570
47036,Oldenburg,Franklin,,
47037,Osgood,Ripley,1047704,16060
47038,Patriot,Switzerland,58416,5030
47039,Pierceville,Ripley,132237,3650
47040,Rising Sun,Ohio,141634,2290
47041,Sunman,Ripley,152315,1760
47042,Versailles,Ripley,364890,2740
47043,Vevay,Switzerland,198212,590
47060,West Harrison,Dearborn,,
47102,Austin,Scott,2089681,27770
47104,Bethlehem,Clark,99163,8410
47106,Borden,Clark,232042,6350
47107,Bradford,Harrison,242932,3950
47108,Campbellsburg,Washington,251518,2900
47110,Central,Harrison,644179,4740
47111,Charlestown,Clark,619847,1420
47112,Corydon,Harrison,,
47114,Crandall,Harrison,80125,1360
47115,Depauw,Harrison,5115,450
47116,Eckerty,Crawford,10883,290
47117,Elizabeth,Harrison,12593,200
47118,English,Crawford,13244,150
47119,Floyds Knobs,Floyd,30803,240
47120,Fredericksburg,Washington,7487,30
47122,Georgetown,Floyd,,
47123,Grantsburg,Crawford,124057,2300
47124,Greenville,Floyd,9937,830
47125,Hardinsburg,Washington,20033,550
47126,Henryville,Clark,21071,340
47129,Clarksville,Clark,20134,230
47130,Jeffersonville,Clark,38211,300
47131,Jeffersonville,Clark,14671,50
47132,Jeffersonville,Clark,,
47133,Jeffersonville,Clark,64626,940
47134,Jeffersonville,Clark,3019,270
47135,Laconia,Harrison,7303,200
47136,Lanesville,Harrison,8386,140
47137,Leavenworth,Crawford,8790,100
47138,Lexington,Scott,25401,190
47139,Little York,Washington,11727,40
47140,Marengo,Crawford,,
47141,Marysville,Clark,19916,360
47142,Mauckport,Harrison,1384,120
47143,Memphis,Clark,3597,100
47144,Jeffersonville,Clark,3218,50
47145,Milltown,Crawford,3837,40
47146,Mount Saint Francis,Floyd,7880,50
47147,Nabb,Clark,** ,** 
47150,New Albany,Floyd,,
47151,New Albany,Floyd,877418,14940
47160,New Middletown,Harrison,63587,5320
47161,New Salisbury,Harrison,125248,3440
47162,New Washington,Clark,131460,2130
47163,Otisco,Clark,137947,1590
47164,Palmyra,Harrison,276585,2090
47165,Pekin,Washington,142591,370
47166,Ramsey,Harrison,,
47167,Salem,Washington,35726,650
47170,Scottsburg,Scott,2761,230
47172,Sellersburg,Clark,5788,160
47174,Sulphur,Crawford,6527,110
47175,Taswell,Crawford,5280,60
47177,Underwood,Scott,15370,90
47190,Jeffersonville,Clark,** ,** 
47199,Jeffersonville,Clark,,
47201,Columbus,Bartholomew,112764,1850
47202,Columbus,Bartholomew,6751,570
47203,Columbus,Bartholomew,15901,430
47220,Brownstown,Jackson,18079,290
47223,Butlerville,Jennings,18659,220
47224,Canaan,Jefferson,36528,290
47225,Clarksburg,Decatur,16846,50
47226,Clifford,Bartholomew,,
47227,Commiskey,Jennings,707247,11830
47228,Cortland,Jackson,46548,3960
47229,Crothersville,Jackson,101416,2790
47230,Deputy,Jefferson,104356,1690
47231,Dupont,Jefferson,107611,1240
47232,Elizabethtown,Bartholomew,243393,1830
47234,Flat Rock,Shelby,103923,320
47235,Freetown,Jackson,,
47236,Grammer,Bartholomew,164145,2950
47240,Greensburg,Decatur,12422,1060
47243,Hanover,Jefferson,23260,640
47244,Hartsville,Bartholomew,27526,450
47245,Hayden,Jennings,32006,370
47246,Hope,Bartholomew,47530,360
47247,Jonesville,Bartholomew,21401,70
47249,Kurtz,Jackson,,
47250,Madison,Jefferson,69378,1230
47260,Medora,Jackson,4377,370
47261,Millhousen,Decatur,12087,330
47263,New Point,Decatur,12978,210
47264,Norman,Jackson,11689,140
47265,North Vernon,Jennings,19071,150
47270,Paris Crossing,Jennings,9176,30
47272,Saint Paul,Decatur,,
47273,Scipio,Jennings,20049,250
47274,Seymour,Jackson,680,70
47280,Taylorsville,Bartholomew,1591,50
47281,Vallonia,Jackson,2131,30
47282,Vernon,Jennings,2697,30
47283,Westport,Decatur,12950,70
47302,Muncie,Delaware,** ,** 
47303,Muncie,Delaware,,
47304,Muncie,Delaware,548707,6460
47305,Muncie,Delaware,18420,1780
47306,Muncie,Delaware,39036,1060
47307,Muncie,Delaware,49896,800
47308,Muncie,Delaware,65309,750
47320,Albany,Delaware,225020,1660
47322,Bentonville,Fayette,151026,410
47324,Boston,Wayne,,
47325,Brownsville,Union,124189,2100
47326,Bryant,Jay,7602,640
47327,Cambridge City,Wayne,18881,510
47330,Centerville,Wayne,21010,340
47331,Connersville,Fayette,23133,270
47334,Daleville,Delaware,37560,290
47335,Dublin,Wayne,16003,50
47336,Dunkirk,Jay,,
47337,Dunreith,Henry,47198,720
47338,Eaton,Delaware,2341,220
47339,Economy,Wayne,6032,170
47340,Farmland,Randolph,6050,100
47341,Fountain City,Wayne,5970,70
47342,Gaston,Delaware,16894,130
47344,Greensboro,Henry,9911,30
47345,Greens Fork,Wayne,,
47346,Hagerstown,Wayne,47272,1040
47348,Hartford City,Blackford,4492,390
47351,Kennard,Henry,10280,280
47352,Lewisville,Henry,9600,160
47353,Liberty,Union,8810,100
47354,Losantville,Randolph,14090,110
47355,Lynn,Randolph,** ,** 
47356,Middletown,Henry,,
47357,Milton,Wayne,258637,3450
47358,Modoc,Randolph,10415,990
47359,Montpelier,Blackford,23720,650
47360,Mooreland,Henry,26637,430
47361,Mount Summit,Henry,39002,450
47362,New Castle,Henry,103527,760
47366,New Lisbon,Henry,55336,170
47367,Oakville,Delaware,,
47368,Parker City,Randolph,1071096,16560
47369,Pennville,Jay,60072,5120
47370,Pershing,Wayne,139652,3790
47371,Portland,Jay,155706,2520
47373,Redkey,Jay,154264,1780
47374,Richmond,Wayne,379217,2850
47375,Richmond,Wayne,182185,500
47380,Ridgeville,Randolph,,
47381,Salamonia,Jay,41043,830
47382,Saratoga,Randolph,3344,280
47383,Selma,Delaware,7756,210
47384,Shirley,Henry,9175,150
47385,Spiceland,Henry,8590,100
47386,Springport,Henry,12178,90
47387,Straughn,Henry,** ,** 
47388,Sulphur Springs,Henry,,
47390,Union City,Randolph,53999,1100
47392,Webster,Wayne,5065,420
47393,Williamsburg,Wayne,9901,270
47394,Winchester,Randolph,10007,160
47396,Yorktown,Delaware,10032,120
47401,Bloomington,Monroe,18994,130
47402,Bloomington,Monroe,** ,** 
47403,Bloomington,Monroe,,
47404,Bloomington,Monroe,232603,4990
47405,Bloomington,Monroe,22825,1970
47406,Bloomington,Monroe,48600,1350
47407,Bloomington,Monroe,44181,720
47408,Bloomington,Monroe,38081,440
47420,Avoca,Lawrence,58409,450
47421,Bedford,Lawrence,20507,60
47424,Bloomfield,Greene,,
47426,Clear Creek,Monroe,11730,260
47427,Coal City,Owen,1287,100
47429,Ellettsville,Monroe,2758,80
47430,Fort Ritner,Lawrence,2568,40
47431,Freedom,Owen,1983,20
47432,French Lick,Orange,3134,20
47433,Gosport,Owen,** ,** 
47434,Harrodsburg,Monroe,,
47435,Helmsburg,Brown,677130,13440
47436,Heltonville,Lawrence,58862,5000
47437,Huron,Lawrence,132686,3650
47438,Jasonville,Greene,122569,1990
47439,Koleen,Greene,106815,1240
47441,Linton,Greene,172058,1320
47443,Lyons,Greene,84140,240
47445,Midland,Greene,,
47446,Mitchell,Lawrence,28275,490
47448,Nashville,Brown,1899,160
47449,Newberry,Greene,4431,120
47451,Oolitic,Lawrence,4532,70
47452,Orleans,Orange,5507,60
47453,Owensburg,Greene,11906,80
47454,Paoli,Orange,** ,** 
47455,Patricksburg,Owen,,
47456,Quincy,Owen,179570,2460
47457,Scotland,Greene,8657,790
47458,Smithville,Monroe,18321,500
47459,Solsberry,Greene,21516,350
47460,Spencer,Owen,26697,300
47462,Springville,Lawrence,54689,410
47463,Stanford,Monroe,49690,110
47464,Stinesville,Monroe,,
47465,Switz City,Greene,44834,880
47467,Tunnelton,Lawrence,3039,290
47468,Unionville,Monroe,8131,220
47469,West Baden Springs,Orange,9844,160
47470,Williams,Lawrence,9337,110
47471,Worthington,Greene,14483,100
47490,Bloomington,Monroe,** ,** 
47501,Washington,Daviess,,
47512,Bicknell,Knox,325210,6050
47513,Birdseye,Dubois,23096,1990
47514,Branchville,Perry,56706,1540
47515,Bristow,Perry,60557,990
47516,Bruceville,Knox,66663,770
47519,Cannelburg,Daviess,88944,690
47520,Cannelton,Perry,29244,70
47521,Celestine,Dubois,,
47522,Crane,Martin,52714,850
47523,Dale,Spencer,3276,270
47524,Decker,Knox,7091,190
47525,Derby,Perry,9512,150
47527,Dubois,Dubois,8909,100
47528,Edwardsport,Knox,14343,110
47529,Elnora,Daviess,9583,30
47531,Evanston,Spencer,,
47532,Ferdinand,Dubois,417279,13160
47535,Freelandville,Knox,90339,7040
47536,Fulda,Spencer,139446,3940
47537,Gentryville,Spencer,75922,1250
47541,Holland,Dubois,41174,480
47542,Huntingburg,Dubois,51064,400
47545,Ireland,Dubois,19334,50
47546,Jasper,Dubois,,
47547,Jasper,Dubois,704276,9080
47549,Jasper,Dubois,38426,3160
47550,Lamar,Spencer,86420,2350
47551,Leopold,Perry,81508,1350
47552,Lincoln City,Spencer,56495,660
47553,Loogootee,Martin,135129,980
47556,Mariah Hill,Spencer,306298,580
47557,Monroe City,Knox,,
47558,Montgomery,Daviess,666262,16730
47561,Oaktown,Knox,97894,7640
47562,Odon,Daviess,184039,5120
47564,Otwell,Pike,126449,2080
47567,Petersburg,Pike,79801,930
47568,Plainville,Daviess,106803,820
47573,Ragsdale,Knox,71276,140
47574,Rome,Perry,,
47575,Saint Anthony,Dubois,551529,4150
47576,Saint Croix,Perry,13284,1020
47577,Saint Meinrad,Spencer,37721,990
47578,Sandborn,Knox,50494,830
47579,Santa Claus,Spencer,33246,390
47580,Schnellville,Dubois,74721,550
47581,Shoals,Martin,342063,370
47584,Spurgeon,Pike,,
47585,Stendal,Pike,782503,13660
47586,Tell City,Perry,69752,5360
47588,Troy,Spencer,146421,4090
47590,Velpen,Pike,99672,1640
47591,Vincennes,Knox,72408,840
47596,Westphalia,Knox,162900,1190
47597,Wheatland,Knox,231350,540
47598,Winslow,Pike,,
47601,Boonville,Warrick,531557,9240
47610,Chandler,Warrick,55186,4340
47611,Chrisney,Spencer,83933,2380
47612,Cynthiana,Posey,53956,890
47613,Elberfeld,Warrick,39771,460
47614,Folsomville,Warrick,99420,720
47615,Grandview,Spencer,199291,450
47616,Griffin,Posey,,
47617,Hatfield,Spencer,511960,12410
47618,Inglefield,Vanderburgh,62335,4760
47619,Lynnville,Warrick,150376,4210
47620,Mount Vernon,Posey,106001,1740
47629,Newburgh,Warrick,71544,830
47630,Newburgh,Warrick,101984,800
47631,New Harmony,Posey,19720,70
47633,Poseyville,Posey,,
47634,Richland,Spencer,78082,1240
47635,Rockport,Spencer,4995,420
47637,Tennyson,Warrick,11275,310
47638,Wadesville,Posey,11815,190
47639,Haubstadt,Gibson,11437,130
47640,Hazleton,Gibson,19554,140
47647,Buckskin,Gibson,19006,50
47648,Fort Branch,Gibson,,
47649,Francisco,Gibson,954949,16530
47654,Mackey,Gibson,58120,4810
47660,Oakland City,Gibson,171879,4720
47665,Owensville,Gibson,171636,2790
47666,Patoka,Gibson,147253,1700
47670,Princeton,Gibson,282267,2150
47683,Somerville,Gibson,123794,360
47701,Evansville,Vanderburgh,,
47702,Evansville,Vanderburgh,318114,12690
47703,Evansville,Vanderburgh,99857,7780
47704,Evansville,Vanderburgh,127207,3650
47705,Evansville,Vanderburgh,51072,860
47706,Evansville,Vanderburgh,22812,270
47708,Evansville,Vanderburgh,17166,130
47710,Evansville,Vanderburgh,** ,** 
47711,Evansville,Vanderburgh,,
47712,Evansville,Vanderburgh,725124,17310
47713,Evansville,Vanderburgh,92011,7160
47714,Evansville,Vanderburgh,192693,5350
47715,Evansville,Vanderburgh,144489,2360
47716,Evansville,Vanderburgh,103335,1200
47719,Evansville,Vanderburgh,141313,1100
47720,Evansville,Vanderburgh,51283,140
47721,Evansville,Vanderburgh,,
47722,Evansville,Vanderburgh,1770821,19750
47724,Evansville,Vanderburgh,60786,4950
47725,Evansville,Vanderburgh,184531,4930
47727,Evansville,Vanderburgh,187773,3070
47728,Evansville,Vanderburgh,163110,1880
47730,Evansville,Vanderburgh,453549,3310
47731,Evansville,Vanderburgh,721072,1610
47732,Evansville,Vanderburgh,,
47733,Evansville,Vanderburgh,505729,12520
47734,Evansville,Vanderburgh,63830,5030
47735,Evansville,Vanderburgh,142045,3940
47736,Evansville,Vanderburgh,111049,1820
47737,Evansville,Vanderburgh,80148,930
47739,Evansville,Vanderburgh,94218,750
47740,Evansville,Vanderburgh,14439,50
47741,Evansville,Vanderburgh,,
47744,Evansville,Vanderburgh,403997,14460
47747,Evansville,Vanderburgh,103313,7930
47750,Evansville,Vanderburgh,165607,4760
47801,Terre Haute,Vigo,69343,1160
47802,Terre Haute,Vigo,30272,360
47803,Terre Haute,Vigo,35462,250
47804,Terre Haute,Vigo,** ,** 
47805,Terre Haute,Vigo,,
47807,Terre Haute,Vigo,608394,17000
47808,Terre Haute,Vigo,105094,7810
47809,Terre Haute,Vigo,203321,5780
47811,Terre Haute,Vigo,110267,1840
47812,Terre Haute,Vigo,67543,790
47813,Terre Haute,Vigo,89438,700
47814,Terre Haute,Vigo,32731,80
47830,Bellmore,Parke,,
47831,Blanford,Vermillion,99519,2920
47832,Bloomingdale,Parke,18731,1440
47833,Bowling Green,Clay,33682,950
47834,Brazil,Clay,19344,320
47836,Bridgeton,Parke,9355,110
47837,Carbon,Clay,18407,100
47838,Carlisle,Sullivan,** ,** 
47840,Centerpoint,Clay,,
47841,Clay City,Clay,775958,20120
47842,Clinton,Vermillion,132883,10050
47845,Coalmont,Clay,221156,6260
47846,Cory,Clay,122066,2010
47847,Dana,Vermillion,76826,890
47848,Dugger,Sullivan,95830,740
47849,Fairbanks,Sullivan,127197,170
47850,Farmersburg,Sullivan,,
47851,Fontanet,Vigo,1119609,26730
47852,Graysville,Sullivan,139606,10730
47853,Harmony,Clay,307338,8670
47854,Hillsdale,Vermillion,223656,3660
47855,Hymera,Sullivan,150093,1740
47856,Judson,Parke,221723,1730
47857,Knightsville,Clay,77193,200
47858,Lewis,Vigo,,
47859,Marshall,Parke,529676,7770
47860,Mecca,Parke,31683,2590
47861,Merom,Sullivan,70939,1950
47862,Montezuma,Parke,69124,1130
47863,New Goshen,Vigo,66446,770
47864,New Lebanon,Sullivan,131968,980
47865,Paxton,Sullivan,159516,350
47866,Pimento,Vigo,,
47868,Poland,Owen,552057,13680
47869,Prairie Creek,Vigo,73720,5740
47870,Prairieton,Vigo,153905,4270
47871,Riley,Vigo,111261,1820
47872,Rockville,Parke,81591,940
47874,Rosedale,Parke,105879,840
47875,Saint Bernice,Vermillion,25701,70
47876,Saint Mary Of The Woods,Vigo,,
47878,Seelyville,Vigo,245846,5150
47879,Shelburn,Sullivan,22262,1800
47880,Shepardsville,Vigo,53812,1480
47881,Staunton,Clay,53581,870
47882,Sullivan,Sullivan,39154,450
47884,Universal,Vermillion,65982,510
47885,West Terre Haute,Vigo,11055,40
47901,Lafayette,Tippecanoe,,
47902,Lafayette,Tippecanoe,799345,13110
47903,Lafayette,Tippecanoe,48804,4000
47904,Lafayette,Tippecanoe,123756,3390
47905,Lafayette,Tippecanoe,131231,2130
47906,West Lafayette,Tippecanoe,126009,1450
47907,West Lafayette,Tippecanoe,238649,1800
47909,Lafayette,Tippecanoe,130896,340
47916,Alamo,Montgomery,,
47917,Ambia,Benton,496460,14680
47918,Attica,Fountain,91233,7100
47920,Battle Ground,Tippecanoe,163509,4590
47921,Boswell,Benton,101599,1680
47922,Brook,Newton,64258,750
47923,Brookston,White,69067,540
47924,Buck Creek,Tippecanoe,6794,20
47925,Buffalo,White,,
47926,Burnettsville,White,1292060,13620
47928,Cayuga,Vermillion,42496,3820
47929,Chalmers,White,97066,2620
47930,Clarks Hill,Tippecanoe,118855,1920
47932,Covington,Fountain,130918,1510
47933,Crawfordsville,Montgomery,362418,2640
47934,Crawfordsville,Montgomery,540307,1110
47935,Crawfordsville,Montgomery,,
47936,Crawfordsville,Montgomery,1235714,21110
47937,Crawfordsville,Montgomery,78965,6440
47938,Crawfordsville,Montgomery,202149,5520
47939,Crawfordsville,Montgomery,224168,3650
47940,Darlington,Montgomery,199750,2300
47941,Dayton,Tippecanoe,361511,2740
47942,Earl Park,Benton,169171,460
47943,Fair Oaks,Jasper,,
47944,Fowler,Benton,866896,14770
47946,Francesville,Pulaski,51613,4380
47948,Goodland,Newton,132830,3590
47949,Hillsboro,Fountain,157569,2550
47950,Idaville,White,151775,1750
47951,Kentland,Newton,290868,2240
47952,Kingman,Fountain,82241,260
47954,Ladoga,Montgomery,,
47955,Linden,Montgomery,1211480,11420
47957,Medaryville,Pulaski,41814,3310
47958,Mellott,Fountain,110640,3030
47959,Monon,White,105298,1720
47960,Monticello,White,80428,930
47962,Montmorenci,Tippecanoe,204599,1490
47963,Morocco,Newton,668701,940
47964,Mount Ayr,Newton,,
47965,New Market,Montgomery,461837,14100
47966,Newport,Vermillion,88085,6790
47967,New Richmond,Montgomery,164989,4640
47968,New Ross,Montgomery,97237,1610
47969,Newtown,Fountain,54595,640
47970,Otterbein,Benton,48322,390
47971,Oxford,Benton,8609,30
47974,Perrysville,Vermillion,,
47975,Pine Village,Warren,828576,10780
47977,Remington,Jasper,39657,3070
47978,Rensselaer,Jasper,123587,3370
47980,Reynolds,White,100592,1650
47981,Romney,Tippecanoe,69707,800
47982,State Line,Warren,175212,1280
47983,Stockwell,Tippecanoe,319821,610
47984,Talbot,Benton,,
47986,Templeton,Benton,809159,19360
47987,Veedersburg,Fountain,102149,7750
47988,Wallace,Fountain,240636,6710
47989,Waveland,Montgomery,155355,2580
47990,Waynetown,Montgomery,95754,1110
47991,West Lebanon,Warren,131207,1010
47992,Westpoint,Tippecanoe,84058,200
47993,Williamsport,Warren,,
47994,Wingate,Montgomery,1127382,12000
47995,Wolcott,White,39519,3410
47996,West Lafayette,Tippecanoe,94030,2570
47997,Yeoman,Carroll,100601,1620
,,,103175,1190
,,,309099,2260
,,,480958,950
,,,,
,,,550937,6140
,,,16798,1640
,,,33796,920
,,,47937,770
,,,64333,740
,,,219992,1590
,,,168081,480
,,,,
,,,1322083,16870
,,,80486,6180
,,,165288,4620
,,,122658,2020
,,,100991,1170
,,,245259,1800
,,,607401,1080
,,,,
,,,638936,13470
,,,61604,4790
,,,154847,4260
,,,124885,2050
,,,92577,1070
,,,150641,1150
,,,54382,150
,,,,
,,,636101,4510
,,,12099,1160
,,,25463,690
,,,32897,540
,,,35188,400
,,,144392,1010
,,,386062,710
,,,,
,,,300411,4240
,,,14027,1150
,,,37056,990
,,,48465,790
,,,41194,480
,,,88616,660
,,,71053,170
,,,,
,,,38446,150
,,,279,30
,,,1937,40
,,,** ,** 
,,,** ,** 
,,,4663,30
,,,31567,50
,,,,
,,,482972,7700
,,,27476,2380
,,,59666,1620
,,,75363,1210
,,,86560,1000
,,,172583,1330
,,,61324,160
,,,,
,,,971860,12830
,,,45079,3980
,,,85874,2360
,,,111673,1790
,,,136404,1560
,,,339792,2530
,,,253038,610
,,,,
,,,2470257,32860
,,,108598,9870
,,,215015,5830
,,,296100,4770
,,,347745,4000
,,,931396,6930
,,,571403,1460
,,,,
,,,362223,6510
,,,24973,2250
,,,48636,1330
,,,66387,1070
,,,68785,800
,,,126131,970
,,,27311,90
,,,,
,,,947483,11190
,,,34587,3130
,,,70962,1920
,,,103927,1680
,,,121714,1400
,,,327409,2440
,,,288884,620
,,,,
,,,306841,10090
,,,73032,5660
,,,95157,2720
,,,56363,930
,,,38334,450
,,,43955,330
,,,** ,** 
,,,,
,,,464542,9090
,,,39006,3190
,,,81897,2250
,,,95718,1560
,,,82594,950
,,,136008,1050
,,,29319,90
,,,,
,,,147899,5020
,,,37422,2830
,,,50540,1440
,,,26024,430
,,,15672,180
,,,18241,140
,,,** ,** 
,,,,
,,,1144722,11910
,,,35349,3400
,,,71074,1930
,,,96281,1540
,,,120310,1380
,,,359339,2610
,,,462369,1050
,,,,
,,,727030,12490
,,,45071,3900
,,,103502,2810
,,,138729,2240
,,,134612,1550
,,,233801,1790
,,,71315,200
,,,,
,,,402429,10150
,,,54174,4290
,,,105469,2920
,,,95756,1560
,,,68952,800
,,,69915,550
,,,8163,30
,,,,
,,,397144,9820
,,,53375,4160
,,,99455,2780
,,,91432,1490
,,,65009,760
,,,75040,590
,,,12833,40
,,,,
,,,151769,4490
,,,28078,2160
,,,50085,1390
,,,34415,560
,,,19413,230
,,,19778,150
,,,** ,** 
,,,,
,,,33903,580
,,,2129,180
,,,4835,130
,,,6245,100
,,,6367,70
,,,14327,100
,,,** ,** 
,,,,
,,,320031,5040
,,,19335,1670
,,,34809,950
,,,44864,720
,,,57364,660
,,,123048,940
,,,40611,100
,,,,
,,,813921,15800
,,,66722,5670
,,,133787,3660
,,,156973,2530
,,,156268,1810
,,,251928,1960
,,,48243,170
,,,,
,,,142245,2240
,,,7832,690
,,,15974,430
,,,21154,340
,,,26934,310
,,,56727,430
,,,13624,40
,,,,
,,,28532,510
,,,2307,190
,,,3855,110
,,,4513,70
,,,5055,60
,,,12802,80
,,,** ,** 
,,,,
,,,86710,1520
,,,6149,530
,,,12653,340
,,,12571,200
,,,17755,200
,,,37582,250
,,,** ,** 
,,,,
,,,1200816,20590
,,,89713,7550
,,,176862,4870
,,,178357,2900
,,,185125,2130
,,,344343,2640
,,,226416,500
,,,,
,,,558028,8890
,,,31833,2780
,,,62729,1730
,,,84598,1360
,,,100484,1150
,,,223123,1710
,,,55261,160
,,,,
,,,930364,19970
,,,112180,8970
,,,182907,5100
,,,155946,2520
,,,125926,1460
,,,203246,1550
,,,150159,370
,,,,
,,,28814,540
,,,2142,180
,,,4410,120
,,,4967,80
,,,5748,70
,,,11547,90
,,,** ,** 
,,,,
,,,121935,2560
,,,11771,1020
,,,22043,610
,,,23534,380
,,,23522,270
,,,31713,250
,,,9352,30
,,,,
,,,1017352,19120
,,,86734,7130
,,,160055,4400
,,,170360,2750
,,,181522,2100
,,,322996,2480
,,,95685,260
,,,,
,,,104248,1790
,,,6731,600
,,,12419,340
,,,18665,300
,,,21282,240
,,,36259,280
,,,8892,30
,,,,
,,,808640,8220
,,,21533,2130
,,,39336,1060
,,,60875,980
,,,87375,1000
,,,316153,2280
,,,283368,770
,,,,
,,,23669,460
,,,2021,160
,,,3515,100
,,,4773,80
,,,5635,60
,,,7725,60
,,,** ,** 
,,,,
,,,985586,12650
,,,41967,3720
,,,85516,2320
,,,111305,1790
,,,129810,1490
,,,367171,2690
,,,249817,640
,,,,
,,,4921,130
,,,589,60
,,,2180,50
,,,** ,** 
,,,2152,20
,,,** ,** 
,,,0,0
,,,,
,,,64366,1030
,,,3445,310
,,,8158,220
,,,11423,180
,,,11407,130
,,,21869,170
,,,8064,20
,,,,
,,,1368240,18830
,,,70741,6090
,,,140008,3800
,,,163672,2640
,,,182787,2100
,,,459851,3420
,,,351181,780
,,,,
,,,1742331,19990
,,,65947,5980
,,,125463,3410
,,,171582,2760
,,,210788,2410
,,,570548,4190
,,,598003,1240
,,,,
,,,80568,1390
,,,4843,410
,,,9965,270
,,,15751,260
,,,19528,230
,,,30481,220
,,,** ,** 
,,,,
,,,191906,2990
,,,11057,940
,,,23995,660
,,,27356,440
,,,27448,310
,,,73395,550
,,,28655,90
,,,,
,,,210341,3640
,,,13988,1250
,,,25693,690
,,,33784,550
,,,43136,500
,,,75609,590
,,,18131,60
,,,,
,,,263552,5590
,,,26816,2140
,,,54670,1500
,,,53995,880
,,,44281,510
,,,65014,490
,,,18776,70
,,,,
,,,45614,1890
,,,16512,1290
,,,14407,420
,,,6252,100
,,,4604,50
,,,3839,30
,,,** ,** 
,,,,
,,,216637,4980
,,,30506,2410
,,,41752,1170
,,,34780,560
,,,32356,370
,,,51679,390
,,,25564,80
,,,,
,,,199743,6450
,,,47282,3670
,,,58630,1670
,,,35480,580
,,,25609,300
,,,32742,230
,,,** ,** 
,,,,
,,,186393,5130
,,,29456,2400
,,,50349,1410
,,,42664,700
,,,32557,380
,,,31367,240
,,,** ,** 
,,,,
,,,91762,3310
,,,24848,2000
,,,29118,830
,,,17378,290
,,,9511,110
,,,10907,80
,,,** ,** 
,,,,
,,,99329,3810
,,,30243,2420
,,,31309,900
,,,16925,280
,,,11084,130
,,,9768,80
,,,** ,** 
,,,,
,,,206282,6170
,,,40630,3210
,,,59048,1670
,,,40832,670
,,,29846,350
,,,35926,270
,,,** ,** 
,,,,
,,,76467,2700
,,,21891,1660
,,,22703,650
,,,14036,230
,,,7731,90
,,,10106,70
,,,** ,** 
,,,,
,,,865041,18480
,,,88413,7120
,,,174281,4820
,,,181270,2950
,,,155170,1790
,,,213171,1650
,,,52736,150
,,,,
,,,75693,1700
,,,7326,630
,,,18528,500
,,,16112,260
,,,14345,170
,,,19382,140
,,,** ,** 
,,,,
,,,82965,1580
,,,5871,510
,,,15479,420
,,,17411,280
,,,17226,200
,,,17872,140
,,,9106,30
,,,,
,,,284972,4770
,,,16213,1520
,,,45111,1210
,,,55326,900
,,,45239,520
,,,64802,500
,,,58281,120
,,,,
,,,573648,4610
,,,16186,1380
,,,43739,1190
,,,44594,720
,,,42662,490
,,,70557,530
,,,355910,300
,,,,
,,,83202,1590
,,,6090,540
,,,14308,400
,,,17449,280
,,,14276,160
,,,24167,190
,,,6912,20
,,,,
,,,116549,1890
,,,7632,690
,,,15566,430
,,,16768,270
,,,16686,200
,,,30255,230
,,,29642,70
,,,,
,,,1218153,20360
,,,87358,7020
,,,226287,6220
,,,199858,3270
,,,146640,1700
,,,215379,1660
,,,342631,490
,,,,
,,,727120,15080
,,,74239,5850
,,,179994,5000
,,,133712,2210
,,,86433,1000
,,,99541,780
,,,153201,240
,,,,
,,,544500,10600
,,,46999,3840
,,,119411,3280
,,,100174,1640
,,,75979,880
,,,104288,810
,,,97649,150
,,,,
,,,49959,1010
,,,3962,310
,,,9786,270
,,,16391,270
,,,7436,90
,,,12384,70
,,,** ,** 
,,,,
,,,862941,14980
,,,55659,4810
,,,160147,4330
,,,165297,2680
,,,128402,1490
,,,171535,1330
,,,181901,340
,,,,
,,,735569,11920
,,,40934,3620
,,,114889,3100
,,,131703,2130
,,,122327,1420
,,,168833,1310
,,,156883,340
,,,,
,,,1726823,14730
,,,38252,4000
,,,81278,2200
,,,110531,1770
,,,144176,1650
,,,459468,3340
,,,893118,1770
,,,,
,,,31234,670
,,,2603,230
,,,6402,180
,,,7184,120
,,,6082,70
,,,8963,70
,,,** ,** 
,,,,
,,,37038,800
,,,3835,310
,,,6885,190
,,,9200,150
,,,6603,80
,,,10515,70
,,,** ,** 
,,,,
,,,221363,4830
,,,23681,1940
,,,48349,1320
,,,44970,740
,,,36581,430
,,,46485,360
,,,21297,40
,,,,
,,,89532,1510
,,,6106,520
,,,13193,360
,,,15460,250
,,,14717,170
,,,23255,180
,,,16801,30
,,,,
,,,153930,2040
,,,6593,600
,,,16064,440
,,,20799,340
,,,20291,240
,,,41604,310
,,,48579,110
,,,,
,,,54179,1110
,,,4387,390
,,,10911,300
,,,11338,180
,,,10014,120
,,,17529,120
,,,** ,** 
,,,,
,,,451960,5590
,,,18415,1640
,,,44055,1190
,,,61567,980
,,,66630,770
,,,98393,750
,,,162900,260
,,,,
,,,114994,2160
,,,7499,680
,,,21193,570
,,,25210,410
,,,21934,260
,,,26178,210
,,,12980,30
,,,,
,,,106693,1680
,,,5087,450
,,,14561,390
,,,17771,280
,,,26374,310
,,,25785,210
,,,17115,40
,,,,
,,,778850,15320
,,,69831,5780
,,,159457,4370
,,,145952,2390
,,,113885,1320
,,,161646,1250
,,,128079,210
,,,,
,,,661791,12710
,,,64783,5090
,,,138770,3840
,,,110034,1800
,,,76004,880
,,,113921,870
,,,158279,230
,,,,
,,,404816,5840
,,,20341,1820
,,,54149,1460
,,,74211,1190
,,,57613,680
,,,68205,530
,,,130297,160
,,,,
,,,182108,3080
,,,11941,1050
,,,24073,650
,,,26965,440
,,,33875,390
,,,61153,480
,,,24101,70
,,,,
,,,105480,1730
,,,5839,510
,,,15130,410
,,,19375,310
,,,20713,240
,,,28137,220
,,,16286,40
,,,,
,,,118746,2100
,,,7469,670
,,,19412,520
,,,21005,340
,,,20749,240
,,,36276,290
,,,13835,40
,,,,
,,,74724,1530
,,,6226,560
,,,14518,400
,,,15574,250
,,,13454,160
,,,16162,130
,,,8790,30
,,,,
,,,37373,560
,,,2298,250
,,,3505,100
,,,3124,50
,,,2799,30
,,,11970,90
,,,13677,40
,,,,
,,,371748,6600
,,,25858,2210
,,,58672,1600
,,,63641,1030
,,,66365,760
,,,116125,890
,,,41087,110
,,,,
,,,119581,2330
,,,9999,840
,,,23474,650
,,,22236,360
,,,19592,230
,,,27332,210
,,,16948,40
,,,,
,,,565293,10770
,,,45958,3960
,,,108267,2950
,,,98489,1610
,,,87560,1010
,,,135700,1040
,,,89319,200
,,,,
,,,234911,3820
,,,13379,1110
,,,29467,810
,,,45098,720
,,,63058,740
,,,43042,340
,,,40867,100
,,,,
,,,381313,4830
,,,18242,1610
,,,41521,1110
,,,48299,790
,,,42900,500
,,,75867,570
,,,154484,250
,,,,
,,,23661,480
,,,1965,170
,,,4276,110
,,,5878,100
,,,4153,50
,,,7389,50
,,,** ,** 
,,,,
,,,132291,2370
,,,8878,710
,,,19105,520
,,,30335,480
,,,35105,410
,,,27235,220
,,,11633,30
,,,,
,,,116015,1690
,,,5694,530
,,,13531,370
,,,19216,310
,,,18402,210
,,,25840,200
,,,33332,70
,,,,
,,,188822,3750
,,,15272,1330
,,,35085,950
,,,39085,640
,,,34728,400
,,,49827,390
,,,14825,40
,,,,
,,,586983,10610
,,,43934,3770
,,,100901,2790
,,,99632,1620
,,,88424,1030
,,,145067,1100
,,,109025,300
,,,,
,,,404249,6520
,,,23635,2050
,,,55837,1530
,,,69054,1120
,,,61972,710
,,,120685,910
,,,73066,200
,,,,
,,,156208,2050
,,,7383,680
,,,16791,470
,,,19831,320
,,,16858,190
,,,33615,250
,,,61730,140
,,,,
,,,64873,2070
,,,15677,1260
,,,17537,500
,,,9742,160
,,,6212,70
,,,7757,60
,,,7948,20
,,,,
,,,135918,4830
,,,33304,2590
,,,54326,1550
,,,28153,470
,,,13311,160
,,,6824,60
,,,** ,** 
,,,,
,,,914728,15230
,,,65605,5470
,,,144553,3960
,,,141546,2300
,,,124737,1440
,,,205528,1590
,,,232759,470
,,,,
,,,312483,7130
,,,38854,3040
,,,76209,2120
,,,62013,1020
,,,38703,450
,,,50992,400
,,,45712,100
,,,,
,,,118161,2800
,,,16719,1310
,,,29603,830
,,,20286,340
,,,13789,160
,,,15274,120
,,,22490,40
,,,,
,,,353481,4490
,,,19103,1580
,,,37764,1060
,,,39830,650
,,,30277,350
,,,75144,550
,,,151363,300
,,,,
,,,352862,9510
,,,58910,4550
,,,100803,2820
,,,69050,1130
,,,45594,530
,,,57106,450
,,,21399,30
,,,,
,,,577108,12470
,,,68888,5570
,,,112693,3140
,,,93723,1530
,,,79938,930
,,,139889,1070
,,,81977,230
,,,,
,,,175716,3060
,,,12793,1080
,,,26068,710
,,,31094,510
,,,27713,320
,,,47732,360
,,,30316,80
,,,,
,,,396427,7530
,,,33674,2790
,,,74179,2040
,,,68831,1120
,,,56324,650
,,,96402,740
,,,67017,190
,,,,
,,,193680,3550
,,,13533,1160
,,,34432,920
,,,37616,610
,,,34279,400
,,,52789,410
,,,21031,50
,,,,
,,,49959,1070
,,,4764,410
,,,10625,290
,,,10719,170
,,,8970,100
,,,14881,100
,,,** ,** 
,,,,
,,,489788,8520
,,,38471,3230
,,,80517,2230
,,,70767,1150
,,,67044,770
,,,116601,890
,,,116388,250
,,,,
,,,37613,860
,,,3958,330
,,,8517,240
,,,8465,140
,,,6998,80
,,,9675,70
,,,** ,** 
,,,,
,,,597450,9740
,,,39506,3360
,,,89832,2460
,,,88346,1440
,,,88134,1020
,,,156121,1190
,,,135511,270
,,,,
,,,122482,2220
,,,8843,740
,,,19597,530
,,,23525,380
,,,24941,290
,,,31076,240
,,,14500,40
,,,,
,,,166547,3120
,,,13689,1180
,,,30848,850
,,,28891,470
,,,24075,280
,,,34859,270
,,,34185,70
,,,,
,,,379446,7040
,,,30535,2710
,,,64491,1790
,,,62997,1020
,,,59314,680
,,,89720,680
,,,72389,160
,,,,
,,,102714,2210
,,,9196,800
,,,23521,650
,,,21663,350
,,,19962,230
,,,28372,180
,,,** ,** 
,,,,
,,,218689,3710
,,,14238,1240
,,,33657,910
,,,35072,570
,,,39472,460
,,,56930,440
,,,39320,90
,,,,
,,,672980,11730
,,,44619,3940
,,,104865,2870
,,,115756,1870
,,,111512,1290
,,,198516,1520
,,,97712,240
,,,,
,,,39171,630
,,,2653,210
,,,5622,150
,,,6758,110
,,,6058,70
,,,18080,90
,,,** ,** 
,,,,
,,,17565,290
,,,1080,90
,,,2386,60
,,,3369,50
,,,3405,40
,,,7325,50
,,,** ,** 
,,,,
,,,62121,1430
,,,6066,520
,,,15831,430
,,,15050,250
,,,11160,130
,,,14014,100
,,,** ,** 
,,,,
,,,471975,8960
,,,36196,3210
,,,88138,2400
,,,83683,1360
,,,81970,950
,,,113960,890
,,,68028,150
,,,,
,,,231803,3520
,,,13983,1170
,,,32493,890
,,,35001,560
,,,31329,370
,,,51701,390
,,,67296,140
,,,,
,,,176191,3890
,,,18003,1520
,,,40856,1120
,,,37156,610
,,,29028,340
,,,34817,270
,,,16331,30
,,,,
,,,64176,1500
,,,7958,630
,,,16259,450
,,,13169,220
,,,9586,110
,,,17204,90
,,,** ,** 
,,,,
,,,108525,1820
,,,7609,620
,,,18921,530
,,,17315,280
,,,12998,150
,,,23974,180
,,,27708,60
,,,,
,,,99319,1610
,,,6393,540
,,,14047,380
,,,15025,240
,,,16082,180
,,,30092,220
,,,17680,50
,,,,
,,,53393,1040
,,,4394,360
,,,9352,250
,,,10945,180
,,,9572,110
,,,19130,140
,,,** ,** 
,,,,
,,,58502,960
,,,3081,290
,,,8008,220
,,,8582,140
,,,11356,130
,,,19275,150
,,,8200,30
,,,,
,,,99359,1890
,,,7546,630
,,,18686,520
,,,21537,350
,,,16426,190
,,,21655,170
,,,13509,30
,,,,
,,,62988,1210
,,,5301,430
,,,12095,330
,,,10935,180
,,,10977,130
,,,14496,120
,,,9184,20
,,,,
,,,298712,3240
,,,9450,910
,,,25192,690
,,,30622,500
,,,31798,370
,,,66531,500
,,,135119,270
,,,,
,,,605375,12430
,,,57221,4860
,,,115899,3200
,,,113233,1840
,,,100796,1170
,,,151218,1180
,,,67008,180
,,,,
,,,356810,7330
,,,32282,2800
,,,73126,2010
,,,70611,1150
,,,57345,670
,,,74797,590
,,,48649,110
,,,,
,,,11824,260
,,,950,80
,,,2864,80
,,,3261,50
,,,2148,30
,,,2601,20
,,,** ,** 
,,,,
,,,29881,610
,,,2217,190
,,,6625,180
,,,6571,110
,,,5794,70
,,,8674,60
,,,** ,** 
,,,,
,,,272564,5310
,,,21459,1820
,,,49034,1340
,,,62565,1000
,,,58440,690
,,,49992,390
,,,31074,70
,,,,
,,,50033,810
,,,2776,250
,,,6634,180
,,,8267,130
,,,9283,110
,,,15585,120
,,,7488,20
,,,,
,,,37066,690
,,,2812,250
,,,6003,170
,,,6479,110
,,,5874,70
,,,15898,90
,,,** ,** 
,,,,
,,,209809,2620
,,,8402,850
,,,15810,420
,,,20922,340
,,,26749,300
,,,76273,560
,,,61653,150
,,,,
,,,12034,250
,,,960,80
,,,1915,50
,,,3443,60
,,,5716,60
,,,** ,** 
,,,** ,** 
,,,,
,,,179492,3780
,,,14210,1170
,,,44897,1200
,,,43837,710
,,,37135,430
,,,30072,240
,,,9341,30
,,,,
,,,77671,1290
,,,4843,400
,,,11490,310
,,,13665,220
,,,13662,160
,,,22652,170
,,,11359,30
,,,,
,,,58782,1240
,,,5552,460
,,,14219,400
,,,10530,170
,,,9735,110
,,,18746,100
,,,** ,** 
,,,,
,,,98123,1800
,,,7214,620
,,,15926,430
,,,19023,310
,,,19547,220
,,,25472,190
,,,10941,30
,,,,
,,,417949,8500
,,,37646,3130
,,,80631,2200
,,,83438,1360
,,,78342,900
,,,104351,820
,,,33541,90
,,,,
,,,32680,740
,,,3526,280
,,,8293,230
,,,8103,130
,,,4484,50
,,,8274,50
,,,** ,** 
,,,,
,,,178448,3130
,,,11890,1020
,,,27166,750
,,,31024,500
,,,34567,400
,,,51388,400
,,,22413,60
,,,,
,,,49635,970
,,,4164,340
,,,9958,270
,,,9954,160
,,,7821,90
,,,17738,110
,,,** ,** 
,,,,
,,,20100,450
,,,1916,160
,,,3446,100
,,,5916,100
,,,3903,50
,,,4919,40
,,,** ,** 
,,,,
,,,306351,3440
,,,9393,930
,,,21648,590
,,,31466,510
,,,41201,470
,,,94721,710
,,,107922,230
,,,,
,,,67808,1160
,,,4350,400
,,,10448,280
,,,11352,190
,,,11530,130
,,,15628,120
,,,14500,40
,,,,
,,,37818,680
,,,2741,230
,,,5878,160
,,,7039,110
,,,6161,70
,,,15999,110
,,,** ,** 
,,,,
,,,90529,1820
,,,7167,620
,,,17425,480
,,,19247,310
,,,16173,190
,,,24435,200
,,,6082,20
,,,,
,,,106698,1450
,,,5038,440
,,,10742,290
,,,13304,210
,,,13188,150
,,,38662,290
,,,25764,70
,,,,
,,,30080,420
,,,1587,130
,,,3249,90
,,,4365,70
,,,4478,50
,,,16401,80
,,,** ,** 
,,,,
,,,97659,1900
,,,7880,660
,,,18319,510
,,,21011,340
,,,16621,190
,,,22440,170
,,,11388,30
,,,,
,,,100611,2010
,,,8778,720
,,,19855,540
,,,19725,320
,,,18199,210
,,,23408,190
,,,10646,30
,,,,
,,,30713,630
,,,2091,210
,,,5672,150
,,,8161,130
,,,6509,80
,,,8280,60
,,,** ,** 
,,,,
,,,179167,2910
,,,10005,880
,,,24171,650
,,,33283,540
,,,32289,380
,,,49410,380
,,,30009,80
,,,,
,,,101917,1810
,,,7414,610
,,,17292,470
,,,17778,290
,,,17379,200
,,,26487,200
,,,15567,40
,,,,
,,,35026,640
,,,2708,200
,,,5688,160
,,,6630,110
,,,6549,80
,,,13451,90
,,,** ,** 
,,,,
,,,171592,4380
,,,28667,2230
,,,46181,1320
,,,24293,400
,,,14022,160
,,,23634,180
,,,34795,90
,,,,
,,,99356,3750
,,,29793,2360
,,,36231,1050
,,,13702,230
,,,4879,60
,,,14751,50
,,,** ,** 
,,,,
,,,1108490,14320
,,,49686,4320
,,,110740,3020
,,,136587,2200
,,,151207,1730
,,,315428,2380
,,,344842,670
,,,,
,,,397479,9960
,,,55589,4360
,,,114395,3210
,,,76898,1270
,,,49205,570
,,,57121,440
,,,44271,110
,,,,
,,,264456,10050
,,,76678,5850
,,,106501,3080
,,,46001,770
,,,18599,220
,,,16677,130
,,,** ,** 
,,,,
,,,323448,7500
,,,40510,3210
,,,82302,2290
,,,61152,1010
,,,41769,480
,,,54188,420
,,,43527,90
,,,,
,,,338315,9370
,,,55121,4270
,,,105073,2930
,,,74690,1220
,,,48948,570
,,,42259,340
,,,12224,40
,,,,
,,,172304,4490
,,,24400,1920
,,,50312,1400
,,,39828,650
,,,24861,290
,,,26574,210
,,,6329,20
,,,,
,,,1232139,6940
,,,16593,1800
,,,28943,790
,,,39476,640
,,,58522,670
,,,238427,1690
,,,850178,1350
,,,,
,,,659101,13410
,,,56684,4870
,,,130463,3560
,,,131622,2140
,,,118241,1370
,,,169189,1320
,,,52902,150
,,,,
,,,286637,8060
,,,48887,3830
,,,89796,2540
,,,52485,860
,,,37498,440
,,,44959,350
,,,13012,40
,,,,
,,,564700,9790
,,,39269,3250
,,,87182,2380
,,,95858,1550
,,,101674,1170
,,,167113,1290
,,,73604,150
,,,,
,,,202035,4580
,,,22595,1770
,,,48355,1330
,,,44393,720
,,,35907,420
,,,37758,300
,,,13027,40
,,,,
,,,782756,14440
,,,63667,5120
,,,151042,4150
,,,135703,2210
,,,113988,1320
,,,176316,1350
,,,142040,290
,,,,
,,,1069191,18300
,,,73640,6080
,,,171122,4680
,,,183443,2970
,,,162423,1870
,,,286696,2200
,,,191867,500
,,,,
,,,1269869,12380
,,,32851,3320
,,,62765,1680
,,,97269,1560
,,,138279,1580
,,,423553,3130
,,,515152,1110
,,,,
,,,816885,17480
,,,92633,7500
,,,151132,4210
,,,149888,2440
,,,125319,1450
,,,210522,1630
,,,87391,250
,,,,
,,,926683,17630
,,,80420,6640
,,,149881,4140
,,,166403,2700
,,,151865,1760
,,,274136,2090
,,,103978,300
,,,,
,,,74347,1560
,,,6793,570
,,,15218,420
,,,15981,260
,,,13599,160
,,,22756,150
,,,** ,** 
,,,,
,,,34518,630
,,,2216,200
,,,4862,130
,,,7220,120
,,,7605,90
,,,12615,90
,,,** ,** 
,,,,
,,,39369,630
,,,2020,180
,,,5017,140
,,,7453,120
,,,6932,80
,,,17947,110
,,,** ,** 
,,,,
,,,43410,950
,,,4525,410
,,,6075,170
,,,9947,160
,,,7663,90
,,,15200,120
,,,** ,** 
,,,,
,,,17607,350
,,,1287,120
,,,3035,80
,,,3680,60
,,,3419,40
,,,6186,50
,,,** ,** 
,,,,
,,,40713,800
,,,3186,290
,,,7250,200
,,,7393,120
,,,8717,100
,,,14167,90
,,,** ,** 
,,,,
,,,53774,1030
,,,4726,390
,,,7924,220
,,,9319,150
,,,11756,140
,,,20049,130
,,,** ,** 
,,,,
,,,29697,510
,,,1624,150
,,,3499,100
,,,5905,100
,,,4830,60
,,,13839,100
,,,** ,** 
,,,,
,,,191124,3820
,,,15609,1400
,,,34141,940
,,,37718,620
,,,35540,410
,,,50731,400
,,,17385,50
,,,,
,,,39276,790
,,,3279,280
,,,6851,190
,,,8520,140
,,,8580,100
,,,12046,80
,,,** ,** 
,,,,
,,,99319,2150
,,,10320,850
,,,20021,560
,,,19559,320
,,,16392,190
,,,24884,200
,,,8143,30
,,,,
,,,78726,1510
,,,5640,510
,,,14941,400
,,,15029,250
,,,13798,160
,,,20785,160
,,,8533,30
,,,,
,,,92020,1670
,,,6456,540
,,,15200,420
,,,15258,250
,,,18331,210
,,,27665,220
,,,9110,30
,,,,
,,,128135,3120
,,,16236,1340
,,,31201,870
,,,27263,450
,,,21676,250
,,,24724,190
,,,7035,20
,,,,
,,,172706,2810
,,,10175,890
,,,21815,590
,,,27021,440
,,,29359,340
,,,63925,490
,,,20411,60
,,,,
,,,59472,1360
,,,6801,580
,,,12025,330
,,,12129,200
,,,10769,130
,,,17748,120
,,,** ,** 
,,,,
,,,44164,910
,,,3902,330
,,,9175,250
,,,8458,140
,,,7567,90
,,,15062,100
,,,** ,** 
,,,,
,,,60791,1120
,,,4438,390
,,,9619,270
,,,10889,180
,,,10823,120
,,,17746,140
,,,7276,20
,,,,
,,,27474,540
,,,2199,200
,,,4688,130
,,,5056,80
,,,5474,60
,,,10057,70
,,,** ,** 
,,,,
,,,4246,140
,,,834,70
,,,1334,40
,,,2078,30
,,,** ,** 
,,,** ,** 
,,,0,0
,,,,
,,,575879,12930
,,,63405,5240
,,,140576,3910
,,,111229,1800
,,,88166,1020
,,,102234,800
,,,70269,160
,,,,
,,,15544,320
,,,1467,120
,,,2504,70
,,,3437,60
,,,3605,40
,,,4531,30
,,,** ,** 
,,,,
,,,45201,960
,,,3910,330
,,,9999,270
,,,9731,160
,,,8427,100
,,,13134,100
,,,** ,** 
,,,,
,,,463184,9070
,,,46251,3810
,,,82980,2300
,,,70189,1140
,,,68853,800
,,,107244,830
,,,87667,190
,,,,
,,,318580,8770
,,,52848,4300
,,,85962,2400
,,,62469,1020
,,,49755,580
,,,53556,430
,,,13990,40
,,,,
,,,25879,530
,,,2312,200
,,,5087,140
,,,5248,90
,,,4468,50
,,,8764,50
,,,** ,** 
,,,,
,,,218522,4120
,,,17399,1600
,,,37420,1040
,,,37767,610
,,,37068,430
,,,47911,370
,,,40957,70
,,,,
,,,481653,10770
,,,53680,4490
,,,99506,2770
,,,99792,1620
,,,79423,920
,,,110152,860
,,,39100,110
,,,,
,,,38043,770
,,,3227,290
,,,6802,180
,,,7539,120
,,,7396,90
,,,13079,90
,,,** ,** 
,,,,
,,,339368,6440
,,,29056,2530
,,,60946,1680
,,,55139,900
,,,50470,590
,,,81028,620
,,,62729,120
,,,,
,,,48377,1000
,,,4465,370
,,,8775,240
,,,10341,170
,,,9107,110
,,,15689,110
,,,** ,** 
,,,,
,,,155139,2370
,,,7882,730
,,,17151,470
,,,21990,350
,,,27245,310
,,,58640,440
,,,22231,70
,,,,
,,,59773,1180
,,,5175,430
,,,10917,300
,,,11855,190
,,,11406,130
,,,20420,130
,,,** ,** 
,,,,
,,,31130,650
,,,2491,230
,,,6326,170
,,,7236,120
,,,5555,70
,,,9522,60
,,,** ,** 
,,,,
,,,45791,850
,,,3203,280
,,,7823,210
,,,8885,140
,,,8606,100
,,,17274,120
,,,** ,** 
,,,,
,,,16462,360
,,,1551,130
,,,3684,110
,,,3834,60
,,,2763,30
,,,4630,30
,,,** ,** 
,,,,
,,,83023,1630
,,,6630,610
,,,12237,340
,,,15731,250
,,,17148,200
,,,31277,230
,,,** ,** 
,,,,
,,,21298,360
,,,1278,120
,,,3564,90
,,,2972,50
,,,4064,50
,,,9420,50
,,,** ,** 
,,,,
,,,35090,790
,,,3761,290
,,,8728,240
,,,6962,110
,,,7981,90
,,,7658,60
,,,** ,** 
,,,,
,,,408332,7730
,,,34997,3080
,,,69917,1940
,,,73091,1190
,,,61837,720
,,,85170,660
,,,83320,140
,,,,
,,,67965,1250
,,,4711,400
,,,11298,310
,,,13015,210
,,,12684,150
,,,20187,160
,,,6070,20
,,,,
,,,159872,3150
,,,14968,1250
,,,29049,800
,,,28789,470
,,,22853,260
,,,39688,310
,,,24525,60
,,,,
,,,263887,5140
,,,22903,1930
,,,45353,1250
,,,47483,780
,,,44070,510
,,,75580,580
,,,28498,90
,,,,
,,,18078,420
,,,2312,160
,,,4854,140
,,,2854,50
,,,2729,30
,,,5329,40
,,,** ,** 
,,,,
,,,427520,5960
,,,21424,2030
,,,45815,1260
,,,50697,810
,,,56936,650
,,,124304,940
,,,128344,270
,,,,
,,,6564,120
,,,446,40
,,,1007,30
,,,1455,20
,,,3656,30
,,,** ,** 
,,,0,0
,,,,
,,,18667,430
,,,1993,170
,,,3473,100
,,,4623,80
,,,3167,40
,,,5411,40
,,,** ,** 
,,,,
,,,272038,4700
,,,18567,1640
,,,41439,1120
,,,46291,750
,,,44277,510
,,,73193,570
,,,48271,110
,,,,
,,,25517,450
,,,1500,130
,,,3548,100
,,,5363,90
,,,4972,60
,,,10134,70
,,,** ,** 
,,,,
,,,14802,290
,,,1411,120
,,,2574,70
,,,2021,30
,,,2115,20
,,,6681,50
,,,** ,** 
,,,,
,,,103320,2060
,,,8821,730
,,,19375,540
,,,19556,320
,,,19674,230
,,,27302,210
,,,8592,30
,,,,
,,,21043,450
,,,1802,160
,,,4899,140
,,,5152,80
,,,2613,30
,,,6577,40
,,,** ,** 
,,,,
,,,108270,1580
,,,4630,460
,,,10945,300
,,,15218,240
,,,16794,190
,,,43363,330
,,,17320,60
,,,,
,,,34244,760
,,,3157,280
,,,7670,210
,,,7404,120
,,,6726,80
,,,9287,70
,,,** ,** 
,,,,
,,,51139,1190
,,,5677,470
,,,11485,320
,,,11389,190
,,,10639,120
,,,11949,90
,,,** ,** 
,,,,
,,,706506,11090
,,,40521,3580
,,,87648,2400
,,,105993,1720
,,,111757,1280
,,,228734,1740
,,,131853,370
,,,,
,,,29374,700
,,,3336,300
,,,6718,180
,,,6680,110
,,,4323,50
,,,8317,60
,,,** ,** 
,,,,
,,,120887,2510
,,,11425,990
,,,22269,610
,,,23700,390
,,,22186,250
,,,30467,240
,,,10840,30
,,,,
,,,86544,1720
,,,6922,590
,,,17915,480
,,,16367,270
,,,15861,180
,,,21569,170
,,,7910,30
,,,,
,,,38254,560
,,,2123,190
,,,5009,130
,,,4293,70
,,,4602,50
,,,11574,90
,,,10653,30
,,,,
,,,94358,1960
,,,8465,730
,,,19664,530
,,,19339,310
,,,16860,200
,,,22583,170
,,,7447,20
,,,,
,,,21990,470
,,,2435,180
,,,4311,120
,,,4739,80
,,,3788,40
,,,6717,50
,,,** ,** 
,,,,
,,,123713,2380
,,,10744,880
,,,21258,580
,,,24204,390
,,,20926,240
,,,33932,260
,,,12649,30
,,,,
,,,160189,3020
,,,12141,1090
,,,25245,700
,,,28673,470
,,,28556,330
,,,49249,380
,,,16325,50
,,,,
,,,90716,1960
,,,8612,740
,,,19705,540
,,,17220,280
,,,18487,210
,,,26692,190
,,,** ,** 
,,,,
,,,99192,2290
,,,10986,940
,,,21419,600
,,,19762,330
,,,17333,200
,,,29692,220
,,,** ,** 
,,,,
,,,217150,3300
,,,10949,1000
,,,24689,670
,,,33612,540
,,,34816,400
,,,78252,590
,,,34832,100
,,,,
,,,110697,2720
,,,13921,1160
,,,28590,770
,,,24722,400
,,,17179,200
,,,26285,190
,,,** ,** 
,,,,
,,,154931,2190
,,,8137,690
,,,17916,490
,,,21363,340
,,,20949,240
,,,47158,360
,,,39408,70
,,,,
,,,39561,980
,,,4652,400
,,,10178,280
,,,9178,150
,,,7630,90
,,,7923,60
,,,** ,** 
,,,,
,,,7560,200
,,,839,80
,,,2265,60
,,,1647,30
,,,2809,30
,,,** ,** 
,,,** ,** 
,,,,
,,,442572,7420
,,,28188,2320
,,,66994,1840
,,,68640,1110
,,,71630,830
,,,153992,1160
,,,53128,160
,,,,
,,,436866,7910
,,,33629,2800
,,,69935,1930
,,,75366,1220
,,,70838,820
,,,127111,980
,,,59987,160
,,,,
,,,9631,210
,,,885,80
,,,1694,50
,,,1379,20
,,,2247,30
,,,3426,30
,,,0,0
,,,,
,,,56068,1100
,,,4659,390
,,,9843,270
,,,11722,190
,,,10512,120
,,,19332,130
,,,** ,** 
,,,,
,,,12609,330
,,,1365,130
,,,4015,110
,,,2670,40
,,,4559,50
,,,** ,** 
,,,** ,** 
,,,,
,,,108064,1990
,,,7546,610
,,,19107,530
,,,20316,330
,,,21421,250
,,,31448,240
,,,8226,30
,,,,
,,,56959,1440
,,,7085,620
,,,15216,420
,,,11534,190
,,,8472,100
,,,14652,110
,,,** ,** 
,,,,
,,,642869,5860
,,,16749,1590
,,,33646,930
,,,45730,730
,,,57394,650
,,,180028,1310
,,,309322,650
,,,,
,,,18422,410
,,,1888,150
,,,4024,110
,,,4184,70
,,,4042,50
,,,4284,30
,,,** ,** 
,,,,
,,,384312,5320
,,,16677,1480
,,,42097,1140
,,,49108,790
,,,56595,650
,,,140111,1040
,,,79724,220
,,,,
,,,181568,2320
,,,7987,680
,,,14975,410
,,,22169,360
,,,27374,310
,,,62499,470
,,,46564,90
,,,,
,,,29512,700
,,,3402,280
,,,7573,210
,,,6147,100
,,,5311,60
,,,7079,50
,,,** ,** 
,,,,
,,,129167,2100
,,,7860,650
,,,17923,490
,,,21799,360
,,,21011,240
,,,39365,300
,,,21209,60
,,,,
,,,366334,9390
,,,50673,3940
,,,110085,3070
,,,76113,1250
,,,53976,630
,,,54803,440
,,,20684,60
,,,,
,,,1195074,23300
,,,102774,8090
,,,254986,7000
,,,218677,3560
,,,177960,2070
,,,285178,2190
,,,155499,390
,,,,
,,,27613,570
,,,2330,190
,,,5546,150
,,,6748,110
,,,5295,60
,,,7694,60
,,,** ,** 
,,,,
,,,168156,2240
,,,7438,620
,,,16629,450
,,,20887,330
,,,25603,290
,,,60136,450
,,,37463,100
,,,,
,,,28971,600
,,,2622,230
,,,5204,150
,,,6300,100
,,,5791,70
,,,9054,50
,,,** ,** 
,,,,
,,,93583,1970
,,,9036,740
,,,18489,510
,,,20275,330
,,,16694,190
,,,29089,200
,,,** ,** 
,,,,
,,,45902,1160
,,,5908,510
,,,11365,320
,,,9699,160
,,,7906,90
,,,11024,80
,,,** ,** 
,,,,
,,,40744,730
,,,2956,240
,,,7107,190
,,,6961,110
,,,7743,90
,,,15977,100
,,,** ,** 
,,,,
,,,16545,370
,,,1672,140
,,,3510,100
,,,3590,60
,,,2804,30
,,,4969,40
,,,** ,** 
,,,,
,,,109456,1740
,,,5679,500
,,,14240,380
,,,17814,290
,,,21794,250
,,,36685,290
,,,13244,30
,,,,
,,,38440,860
,,,3936,330
,,,8354,230
,,,7874,130
,,,8055,90
,,,10221,80
,,,** ,** 
,,,,
,,,22373,450
,,,1617,140
,,,4177,120
,,,4705,80
,,,4517,50
,,,7357,60
,,,** ,** 
,,,,
,,,1213413,23640
,,,110779,8930
,,,241090,6660
,,,204248,3330
,,,170526,1980
,,,299717,2270
,,,187053,470
,,,,
,,,88436,1720
,,,7040,570
,,,15613,430
,,,18183,300
,,,16901,200
,,,24618,200
,,,6081,20
,,,,
,,,20883,440
,,,2030,150
,,,5067,140
,,,3374,60
,,,4011,50
,,,6401,40
,,,** ,** 
,,,,
,,,36397,690
,,,2951,240
,,,6304,180
,,,6939,110
,,,7188,80
,,,13015,80
,,,** ,** 
,,,,
,,,84368,1630
,,,7425,610
,,,14850,400
,,,15472,250
,,,14434,170
,,,21963,170
,,,10224,30
,,,,
,,,128164,2680
,,,11179,940
,,,26537,750
,,,29206,470
,,,22426,260
,,,30892,240
,,,7924,20
,,,,
,,,33713,680
,,,2973,230
,,,6469,180
,,,6563,110
,,,7272,80
,,,10436,80
,,,** ,** 
,,,,
,,,309845,6940
,,,33194,2790
,,,70408,1950
,,,60491,990
,,,49948,580
,,,70035,550
,,,25769,80
,,,,
,,,303325,6480
,,,31216,2530
,,,66898,1830
,,,57678,940
,,,48092,560
,,,69362,540
,,,30079,80
,,,,
,,,628908,9040
,,,32595,2750
,,,72261,1960
,,,85776,1400
,,,86372,990
,,,210678,1580
,,,141226,360
,,,,
,,,17230,380
,,,1523,130
,,,4502,120
,,,3391,60
,,,3350,40
,,,4464,30
,,,** ,** 
,,,,
,,,31144,580
,,,2482,200
,,,4988,130
,,,5881,100
,,,5775,70
,,,12018,80
,,,** ,** 
,,,,
,,,1459450,21410
,,,83408,7240
,,,182427,4990
,,,201505,3240
,,,191778,2230
,,,381444,2810
,,,418888,900
,,,,
,,,968100,13090
,,,47758,4190
,,,105485,2880
,,,122025,1970
,,,130704,1510
,,,278607,2070
,,,283521,470
,,,,
,,,141231,2490
,,,9947,890
,,,23075,630
,,,21809,350
,,,21619,250
,,,39455,300
,,,25326,70
,,,,
,,,27564,660
,,,3330,270
,,,6757,180
,,,5853,100
,,,5756,70
,,,5868,40
,,,** ,** 
,,,,
,,,8697,200
,,,987,80
,,,1809,50
,,,2028,30
,,,3873,40
,,,** ,** 
,,,** ,** 
,,,,
,,,33041,720
,,,3251,260
,,,7039,190
,,,8705,140
,,,6311,70
,,,7735,60
,,,** ,** 
,,,,
,,,67912,1450
,,,6295,550
,,,13798,370
,,,15301,250
,,,12986,150
,,,19532,130
,,,** ,** 
,,,,
,,,40497,900
,,,3761,320
,,,10375,280
,,,7992,130
,,,7365,90
,,,11004,80
,,,** ,** 
,,,,
,,,23110,510
,,,2348,200
,,,5015,140
,,,4726,80
,,,3543,40
,,,7478,50
,,,** ,** 
,,,,
,,,63823,1210
,,,4825,420
,,,10822,300
,,,11500,190
,,,11269,130
,,,20353,150
,,,5054,20
,,,,
,,,40710,700
,,,2649,240
,,,5774,160
,,,6816,110
,,,7144,80
,,,18327,110
,,,** ,** 
,,,,
,,,45502,850
,,,3258,300
,,,7890,210
,,,8086,130
,,,8447,100
,,,17821,110
,,,** ,** 
,,,,
,,,548194,10390
,,,41981,3720
,,,98593,2660
,,,102448,1660
,,,90653,1050
,,,143371,1100
,,,71148,200
,,,,
,,,114426,2330
,,,10905,880
,,,24408,670
,,,21091,340
,,,16504,190
,,,27653,220
,,,13865,30
,,,,
,,,18168,340
,,,1230,110
,,,3647,100
,,,2964,50
,,,2672,30
,,,7655,50
,,,** ,** 
,,,,
,,,102256,1950
,,,7976,680
,,,17630,480
,,,19095,310
,,,18889,220
,,,28036,220
,,,10630,40
,,,,
,,,540548,10120
,,,46412,3890
,,,95421,2620
,,,88836,1450
,,,79919,920
,,,134143,1030
,,,95817,210
,,,,
,,,34890,820
,,,4064,340
,,,8185,230
,,,7362,120
,,,5502,60
,,,9777,70
,,,** ,** 
,,,,
,,,28137,590
,,,2555,210
,,,5784,160
,,,6384,110
,,,5340,60
,,,8074,50
,,,** ,** 
,,,,
,,,410108,9300
,,,46152,3900
,,,92042,2560
,,,80981,1320
,,,66114,770
,,,85129,670
,,,39690,80
,,,,
,,,16102,340
,,,1512,120
,,,3620,100
,,,3243,50
,,,3067,40
,,,4660,30
,,,** ,** 
,,,,
,,,42260,920
,,,3662,330
,,,9662,270
,,,9115,150
,,,7446,90
,,,12375,80
,,,** ,** 
,,,,
,,,46225,900
,,,3645,300
,,,8764,230
,,,10652,170
,,,7598,90
,,,15566,110
,,,** ,** 
,,,,
,,,804653,15160
,,,61246,5220
,,,161337,4350
,,,142425,2330
,,,110150,1280
,,,221806,1670
,,,107689,310
,,,,
,,,39035,710
,,,2460,220
,,,6740,180
,,,7879,130
,,,6710,80
,,,15246,100
,,,** ,** 
,,,,
,,,74665,1640
,,,6938,610
,,,16033,440
,,,17252,280
,,,15690,180
,,,18752,130
,,,** ,** 
,,,,
,,,388849,11380
,,,71760,5900
,,,107612,3020
,,,77252,1270
,,,54808,640
,,,65037,510
,,,12380,40
,,,,
,,,361195,9320
,,,55518,4590
,,,85761,2410
,,,65361,1070
,,,55902,650
,,,65627,520
,,,33026,80
,,,,
,,,847024,13890
,,,60219,5040
,,,115899,3180
,,,129889,2100
,,,118460,1370
,,,231419,1760
,,,191138,440
,,,,
,,,41836,1350
,,,10012,820
,,,12187,340
,,,5568,90
,,,4686,50
,,,9383,50
,,,** ,** 
,,,,
,,,97279,1860
,,,8098,670
,,,17137,470
,,,17683,290
,,,17665,210
,,,24289,190
,,,12407,30
,,,,
,,,11748,310
,,,1480,130
,,,3242,90
,,,2728,50
,,,4298,40
,,,** ,** 
,,,** ,** 
,,,,
,,,35146,780
,,,3412,290
,,,8928,240
,,,6085,100
,,,6909,80
,,,9812,70
,,,** ,** 
,,,,
,,,86372,1920
,,,9295,800
,,,17597,480
,,,19340,310
,,,13441,160
,,,19590,150
,,,7109,20
,,,,
,,,134163,2480
,,,10473,900
,,,23420,650
,,,23554,380
,,,19761,230
,,,34748,270
,,,22207,50
,,,,
,,,427468,9670
,,,47589,4040
,,,95873,2620
,,,85576,1390
,,,70655,820
,,,87054,690
,,,40721,110
,,,,
,,,81660,1550
,,,6911,580
,,,13376,370
,,,15017,240
,,,14575,170
,,,20694,160
,,,11087,30
,,,,
,,,64339,1580
,,,7859,670
,,,16364,460
,,,14466,230
,,,9777,110
,,,15873,110
,,,** ,** 
,,,,
,,,59811,1250
,,,6045,480
,,,12143,340
,,,11892,190
,,,8626,100
,,,21105,140
,,,** ,** 
,,,,
,,,13760,290
,,,1424,110
,,,2592,70
,,,2949,50
,,,2608,30
,,,4187,30
,,,** ,** 
,,,,
,,,62248,1340
,,,6526,540
,,,12532,340
,,,12366,200
,,,11255,130
,,,19569,130
,,,** ,** 
,,,,
,,,46849,970
,,,3933,350
,,,9109,250
,,,11057,180
,,,8572,100
,,,14178,90
,,,** ,** 
,,,,
,,,64963,1240
,,,5715,460
,,,11935,330
,,,12081,200
,,,9513,110
,,,14800,110
,,,10919,30
,,,,
,,,30716,620
,,,2607,220
,,,6587,180
,,,5194,80
,,,4994,60
,,,11334,80
,,,** ,** 
,,,,
,,,92383,1840
,,,7458,650
,,,17707,490
,,,18344,300
,,,15571,180
,,,23772,190
,,,9531,30
,,,,
,,,193312,4310
,,,21032,1750
,,,41485,1150
,,,36211,600
,,,35208,410
,,,46098,360
,,,13278,40
,,,,
,,,22703,440
,,,1957,160
,,,3590,100
,,,4282,70
,,,4356,50
,,,8518,60
,,,** ,** 
,,,,
,,,129039,2680
,,,11420,990
,,,25862,720
,,,27595,450
,,,21710,250
,,,29628,230
,,,12824,40
,,,,
,,,25422,520
,,,2368,190
,,,4200,120
,,,5859,100
,,,4839,60
,,,8156,50
,,,** ,** 
,,,,
,,,53005,1230
,,,5696,500
,,,11940,330
,,,12431,200
,,,10715,120
,,,12223,80
,,,** ,** 
,,,,
,,,148651,2760
,,,12236,990
,,,22983,630
,,,26822,440
,,,28268,330
,,,41905,330
,,,16437,40
,,,,
,,,25509,550
,,,2544,200
,,,5015,140
,,,5644,90
,,,5015,60
,,,7291,60
,,,** ,** 
,,,,
,,,19296,430
,,,1996,170
,,,3943,110
,,,4465,70
,,,3005,40
,,,5887,40
,,,** ,** 
,,,,
,,,59190,1350
,,,6366,540
,,,13278,370
,,,12001,200
,,,10894,130
,,,16651,110
,,,** ,** 
,,,,
,,,35361,700
,,,3102,260
,,,6349,170
,,,6602,110
,,,7003,80
,,,12305,80
,,,** ,** 
,,,,
,,,557466,12170
,,,62849,5130
,,,118901,3270
,,,102114,1670
,,,81449,950
,,,126140,980
,,,66013,170
,,,,
,,,61788,1270
,,,5663,480
,,,12603,350
,,,13041,210
,,,10390,120
,,,20091,110
,,,** ,** 
,,,,
,,,21033,550
,,,2518,220
,,,6392,180
,,,4874,80
,,,3350,40
,,,3899,30
,,,** ,** 
,,,,
,,,249341,5490
,,,25794,2260
,,,59007,1610
,,,45443,740
,,,39513,460
,,,46104,360
,,,33480,60
,,,,
,,,37435,960
,,,4881,420
,,,9676,260
,,,9394,150
,,,5624,70
,,,7860,60
,,,** ,** 
,,,,
,,,895578,19720
,,,106132,8850
,,,186649,5230
,,,154695,2510
,,,123073,1420
,,,174806,1350
,,,150223,360
,,,,
,,,36940,870
,,,3967,340
,,,8228,230
,,,9640,160
,,,6645,80
,,,8460,60
,,,** ,** 
,,,,
,,,72957,1330
,,,5505,470
,,,10836,290
,,,11690,190
,,,15293,180
,,,21705,170
,,,7928,30
,,,,
,,,51103,1010
,,,4083,330
,,,10594,290
,,,9586,160
,,,9747,110
,,,17093,120
,,,** ,** 
,,,,
,,,37993,770
,,,3285,270
,,,7198,190
,,,8661,140
,,,6752,80
,,,12097,90
,,,** ,** 
,,,,
,,,32397,590
,,,2418,210
,,,5512,150
,,,5441,90
,,,4905,60
,,,14121,80
,,,** ,** 
,,,,
,,,15182,320
,,,1481,120
,,,2935,80
,,,3459,60
,,,2695,30
,,,4612,30
,,,** ,** 
,,,,
,,,89048,2230
,,,11634,990
,,,22766,640
,,,17100,280
,,,15559,180
,,,15743,120
,,,6246,20
,,,,
,,,32274,660
,,,2862,250
,,,5455,150
,,,6677,110
,,,6383,80
,,,10897,70
,,,** ,** 
,,,,
,,,165461,3700
,,,18422,1560
,,,34255,940
,,,32915,540
,,,28696,330
,,,35568,280
,,,15605,50
,,,,
,,,266084,3510
,,,13948,1200
,,,26963,730
,,,31341,510
,,,29907,350
,,,70697,520
,,,93228,200
,,,,
,,,1487385,17790
,,,71444,6240
,,,124325,3440
,,,123880,2010
,,,137729,1580
,,,422959,3060
,,,607048,1460
,,,,
,,,759313,15490
,,,73669,6010
,,,148835,4130
,,,136730,2230
,,,115586,1340
,,,201866,1550
,,,82627,230
,,,,
,,,496495,9590
,,,47107,3980
,,,81691,2280
,,,73251,1190
,,,75127,860
,,,143652,1090
,,,75667,190
,,,,
,,,1568,200
,,,1568,200
,,,** ,** 
,,,** ,** 
,,,** ,** 
,,,0,0
,,,0,0
,,,,
,,,503865,7720
,,,39234,3400
,,,55134,1530
,,,52688,850
,,,52791,610
,,,131514,960
,,,172504,370
,,,,
,,,643488,12860
,,,58963,4960
,,,117487,3240
,,,121113,1970
,,,105946,1230
,,,162372,1250
,,,77607,210
,,,,
,,,221249,4130
,,,16141,1420
,,,34708,950
,,,41136,670
,,,42654,490
,,,68073,530
,,,18537,70
,,,,
,,,17911,430
,,,2098,180
,,,4487,120
,,,4099,70
,,,2584,30
,,,4643,30
,,,** ,** 
,,,,
,,,195094,3700
,,,14246,1200
,,,35773,970
,,,39164,640
,,,34188,400
,,,55133,430
,,,16590,60
,,,,
,,,27183,600
,,,2885,250
,,,5264,140
,,,5843,100
,,,4713,60
,,,8478,50
,,,** ,** 
,,,,
,,,92458,2170
,,,10803,920
,,,21571,600
,,,19011,310
,,,16413,190
,,,16590,130
,,,8070,20
,,,,
,,,89001,1810
,,,8259,680
,,,16743,460
,,,16703,270
,,,17106,200
,,,23713,180
,,,6477,20
,,,,
,,,37399,720
,,,2826,250
,,,6884,190
,,,6981,120
,,,5750,70
,,,14958,90
,,,** ,** 
,,,,
,,,80022,1800
,,,8821,760
,,,15442,420
,,,17410,280
,,,15755,180
,,,22594,160
,,,** ,** 
,,,,
,,,189487,4040
,,,19484,1650
,,,34726,960
,,,36280,590
,,,33872,390
,,,51723,410
,,,13402,40
,,,,
,,,21487,490
,,,2414,210
,,,4694,130
,,,3756,60
,,,4110,50
,,,6513,40
,,,** ,** 
,,,,
,,,191703,4310
,,,21117,1780
,,,40965,1120
,,,37638,610
,,,34401,400
,,,45493,360
,,,12089,40
,,,,
,,,229895,3920
,,,17212,1510
,,,29900,820
,,,35609,580
,,,33012,380
,,,68377,520
,,,45785,110
,,,,
,,,12971,230
,,,856,70
,,,2271,60
,,,2751,50
,,,2740,30
,,,4353,20
,,,** ,** 
,,,,
,,,27284,620
,,,3060,250
,,,6019,170
,,,5537,90
,,,4846,60
,,,7822,50
,,,** ,** 
,,,,
,,,94411,2120
,,,10442,880
,,,18996,530
,,,19560,320
,,,17603,200
,,,27810,190
,,,** ,** 
,,,,
,,,8429,170
,,,739,60
,,,1432,40
,,,3453,50
,,,** ,** 
,,,2805,20
,,,** ,** 
,,,,
,,,140533,3280
,,,16878,1430
,,,31077,870
,,,27274,440
,,,23434,270
,,,29049,230
,,,12821,40
,,,,
,,,28746,570
,,,2273,200
,,,5115,140
,,,5848,100
,,,5310,60
,,,10200,70
,,,** ,** 
,,,,
,,,81974,1610
,,,6427,560
,,,15335,420
,,,14907,240
,,,16483,190
,,,28822,200
,,,** ,** 
,,,,
,,,266780,5350
,,,24009,2020
,,,50297,1380
,,,52911,860
,,,46140,530
,,,62908,490
,,,30515,70
,,,,
,,,118600,2180
,,,8064,730
,,,19648,540
,,,22583,360
,,,21149,240
,,,36870,280
,,,10286,30
,,,,
,,,15753,330
,,,1733,140
,,,2681,70
,,,3036,50
,,,2159,30
,,,6144,40
,,,** ,** 
,,,,
,,,42677,680
,,,2521,220
,,,5898,160
,,,6506,110
,,,5592,70
,,,10993,80
,,,11167,40
,,,,
,,,40355,840
,,,4150,330
,,,9608,260
,,,6589,110
,,,4658,60
,,,15350,80
,,,** ,** 
,,,,
,,,32632,690
,,,3094,260
,,,6436,180
,,,6155,100
,,,6573,80
,,,10374,70
,,,** ,** 
,,,,
,,,56872,1180
,,,5305,460
,,,11176,300
,,,10796,170
,,,9940,120
,,,19655,130
,,,** ,** 
,,,,
,,,396110,8170
,,,40655,3480
,,,73838,2060
,,,63443,1020
,,,60922,700
,,,101512,780
,,,55740,130
,,,,
,,,64348,1520
,,,8054,690
,,,13560,370
,,,13627,220
,,,10715,120
,,,18392,120
,,,** ,** 
,,,,
,,,45910,980
,,,3634,340
,,,10120,280
,,,10920,180
,,,7727,90
,,,13509,90
,,,** ,** 
,,,,
,,,7460,160
,,,516,50
,,,1390,40
,,,1598,30
,,,3956,40
,,,** ,** 
,,,0,0
,,,,
,,,18391,380
,,,1307,120
,,,3845,110
,,,3945,60
,,,4183,50
,,,5111,40
,,,** ,** 
,,,,
,,,38568,640
,,,2563,230
,,,4730,130
,,,6250,100
,,,7232,80
,,,17793,100
,,,** ,** 
,,,,
,,,14122,260
,,,949,80
,,,2183,60
,,,2552,40
,,,3043,40
,,,5395,40
,,,** ,** 
,,,,
,,,62208,1360
,,,6333,560
,,,11725,320
,,,13721,220
,,,11589,130
,,,18840,130
,,,** ,** 
,,,,
,,,28405,500
,,,1668,160
,,,4499,120
,,,4608,80
,,,6231,70
,,,11399,70
,,,** ,** 
,,,,
,,,6117,120
,,,542,40
,,,1020,30
,,,1311,20
,,,3244,30
,,,** ,** 
,,,** ,** 
,,,,
,,,75440,1590
,,,6315,580
,,,16623,450
,,,13636,220
,,,15506,180
,,,23360,160
,,,** ,** 
,,,,
,,,10632,210
,,,851,70
,,,2344,60
,,,4087,60
,,,** ,** 
,,,3350,20
,,,** ,** 
,,,,
,,,9133,160
,,,354,40
,,,1499,40
,,,2213,40
,,,2055,20
,,,3012,20
,,,** ,** 
,,,,
,,,49809,990
,,,3326,330
,,,9395,260
,,,10258,170
,,,10340,120
,,,16490,110
,,,** ,** 
,,,,
,,,15703,330
,,,1465,130
,,,2575,70
,,,3648,60
,,,2538,30
,,,5477,40
,,,** ,** 
,,,,
,,,19944,440
,,,1961,160
,,,4047,110
,,,4798,80
,,,3367,40
,,,5771,50
,,,** ,** 
,,,,
,,,26945,470
,,,1603,130
,,,3743,100
,,,5279,90
,,,5611,70
,,,10709,80
,,,** ,** 
,,,,
,,,179253,2340
,,,8509,820
,,,19635,530
,,,23546,380
,,,23020,260
,,,36544,280
,,,67999,70
,,,,
,,,18917,390
,,,1649,140
,,,3763,100
,,,3820,60
,,,4300,50
,,,5385,40
,,,** ,** 
,,,,
,,,36590,620
,,,2246,200
,,,5584,150
,,,6264,100
,,,7188,80
,,,15308,90
,,,** ,** 
,,,,
,,,264639,4850
,,,18004,1660
,,,49151,1360
,,,43362,690
,,,43125,500
,,,68795,530
,,,42202,110
,,,,
,,,814244,11140
,,,39107,3650
,,,103877,2850
,,,98120,1590
,,,99153,1150
,,,189155,1430
,,,284832,470
,,,,
,,,21635,380
,,,1231,130
,,,3015,80
,,,3840,60
,,,4227,50
,,,9322,60
,,,** ,** 
,,,,
,,,16107,280
,,,781,80
,,,2035,60
,,,2962,50
,,,3247,40
,,,7082,50
,,,** ,** 
,,,,
,,,208709,4000
,,,14845,1320
,,,40468,1090
,,,40685,660
,,,36244,420
,,,58963,460
,,,17504,50
,,,,
,,,36215,640
,,,2438,220
,,,4852,130
,,,6933,110
,,,6797,80
,,,15195,100
,,,** ,** 
,,,,
,,,107364,1990
,,,7389,630
,,,21399,580
,,,20522,340
,,,18057,210
,,,23622,190
,,,16375,40
,,,,
,,,33957,650
,,,2615,220
,,,5920,160
,,,6587,110
,,,6840,80
,,,11995,80
,,,** ,** 
,,,,
,,,135656,2010
,,,7669,640
,,,19907,540
,,,22152,370
,,,16595,190
,,,29233,230
,,,40100,40
,,,,
,,,33654,630
,,,2366,190
,,,6390,170
,,,6159,100
,,,6890,80
,,,11849,90
,,,** ,** 
,,,,
,,,132046,2650
,,,11133,970
,,,23232,640
,,,23639,390
,,,25943,300
,,,42244,330
,,,5855,20
,,,,
,,,17381,370
,,,1586,130
,,,3276,90
,,,4212,70
,,,3079,40
,,,5228,40
,,,** ,** 
,,,,
,,,30438,580
,,,1701,170
,,,5313,150
,,,5957,100
,,,6830,80
,,,10637,80
,,,** ,** 
,,,,
,,,8104,170
,,,703,60
,,,1529,40
,,,1918,30
,,,3954,40
,,,** ,** 
,,,0,0
,,,,
,,,22974,490
,,,2066,190
,,,4728,130
,,,4485,70
,,,4487,50
,,,7208,50
,,,** ,** 
,,,,
,,,17080,340
,,,1264,110
,,,2769,80
,,,3767,60
,,,4660,50
,,,4620,40
,,,** ,** 
,,,,
,,,147850,1380
,,,3798,420
,,,8817,240
,,,11686,190
,,,16359,190
,,,37328,290
,,,69862,50
,,,,
,,,8503,140
,,,501,40
,,,1493,40
,,,1505,20
,,,5004,40
,,,** ,** 
,,,** ,** 
,,,,
,,,71733,1580
,,,6996,600
,,,15477,430
,,,15408,250
,,,13423,150
,,,20429,150
,,,** ,** 
,,,,
,,,10880,220
,,,674,60
,,,1711,50
,,,2820,50
,,,2283,30
,,,3392,30
,,,** ,** 
,,,,
,,,256395,5330
,,,23865,2060
,,,49097,1360
,,,51425,830
,,,46739,540
,,,60997,480
,,,24272,60
,,,,
,,,13596,310
,,,1241,110
,,,2924,80
,,,3587,60
,,,2283,30
,,,3561,30
,,,** ,** 
,,,,
,,,19946,340
,,,1274,110
,,,2734,80
,,,3362,50
,,,3563,40
,,,9013,60
,,,** ,** 
,,,,
,,,586693,11210
,,,52911,4630
,,,98531,2710
,,,90563,1460
,,,86134,1000
,,,149005,1140
,,,109549,270
,,,,
,,,26504,470
,,,1830,150
,,,4404,120
,,,5238,80
,,,4000,50
,,,11032,70
,,,** ,** 
,,,,
,,,72969,1520
,,,6250,540
,,,14676,400
,,,14069,230
,,,14623,170
,,,23351,180
,,,** ,** 
,,,,
,,,372501,6520
,,,27092,2310
,,,56255,1550
,,,59759,970
,,,61304,710
,,,109937,840
,,,58154,140
,,,,
,,,135687,2600
,,,11629,980
,,,25132,690
,,,24579,400
,,,21519,250
,,,30254,230
,,,22574,50
,,,,
,,,26657,540
,,,2389,200
,,,4896,130
,,,5138,80
,,,5351,60
,,,8883,70
,,,** ,** 
,,,,
,,,22992,420
,,,1852,150
,,,3719,100
,,,4275,70
,,,3548,40
,,,9598,60
,,,** ,** 
,,,,
,,,82522,1260
,,,4133,370
,,,9489,260
,,,10466,170
,,,16543,190
,,,29107,230
,,,12784,40
,,,,
,,,34373,740
,,,3351,280
,,,7149,200
,,,6620,110
,,,7684,90
,,,9569,60
,,,** ,** 
,,,,
,,,5808,120
,,,424,40
,,,2186,50
,,,** ,** 
,,,3198,30
,,,** ,** 
,,,** ,** 
,,,,
,,,45856,780
,,,2943,250
,,,7072,190
,,,8348,130
,,,7223,80
,,,20270,130
,,,** ,** 
,,,,
,,,392385,6160
,,,22936,2020
,,,48200,1310
,,,56543,920
,,,59279,680
,,,136987,1040
,,,68440,190
,,,,
,,,1630416,17570
,,,55959,5200
,,,118445,3250
,,,152064,2450
,,,180082,2080
,,,435918,3250
,,,687948,1340
,,,,
,,,59838,930
,,,3612,300
,,,7856,210
,,,9369,150
,,,8647,100
,,,18753,140
,,,11601,30
,,,,
,,,80169,1230
,,,4634,400
,,,10337,280
,,,12452,200
,,,13436,150
,,,21156,170
,,,18154,30
,,,,
,,,54115,1000
,,,4216,340
,,,9286,250
,,,11225,180
,,,8946,100
,,,20442,130
,,,** ,** 
,,,,
,,,131508,2490
,,,10208,920
,,,21004,580
,,,22767,370
,,,21786,250
,,,43933,340
,,,11810,30
,,,,
,,,33226,700
,,,2915,280
,,,4926,140
,,,6527,100
,,,7768,90
,,,11090,90
,,,** ,** 
,,,,
,,,113801,1680
,,,5235,460
,,,11984,320
,,,16977,270
,,,21731,250
,,,43153,330
,,,14721,50
,,,,
,,,172749,2290
,,,6768,680
,,,13384,360
,,,20711,330
,,,26346,300
,,,67999,510
,,,37541,110
,,,,
,,,22792,450
,,,1974,170
,,,3879,100
,,,4011,70
,,,3768,40
,,,9160,70
,,,** ,** 
,,,,
,,,121752,2130
,,,6912,660
,,,18142,480
,,,22686,360
,,,25105,290
,,,39601,310
,,,9306,30
,,,,
,,,34890,650
,,,2634,220
,,,6065,160
,,,5912,100
,,,6353,70
,,,13926,100
,,,** ,** 
,,,,
,,,103175,2160
,,,8989,820
,,,19779,530
,,,22528,370
,,,20259,230
,,,24741,190
,,,6879,20
,,,,
,,,99342,1710
,,,6656,580
,,,13522,360
,,,17473,280
,,,19843,230
,,,30049,230
,,,11799,30
,,,,
,,,32848,730
,,,3374,300
,,,6085,170
,,,6404,110
,,,6547,80
,,,10438,70
,,,** ,** 
,,,,
,,,283051,5830
,,,27106,2340
,,,51437,1410
,,,53546,870
,,,48489,560
,,,74047,570
,,,28426,80
,,,,
,,,32214,310
,,,1052,90
,,,3089,80
,,,2183,40
,,,2717,30
,,,3528,30
,,,19645,40
,,,,
,,,338514,8130
,,,45733,3750
,,,79830,2250
,,,60820,1000
,,,49300,570
,,,59093,460
,,,43738,100
,,,,
,,,774517,15220
,,,70696,5860
,,,137178,3790
,,,137476,2230
,,,127831,1480
,,,203692,1570
,,,97644,290
,,,,
,,,622950,11120
,,,48797,4080
,,,98233,2690
,,,101224,1650
,,,95132,1100
,,,177896,1370
,,,101668,230
,,,,
,,,129309,4210
,,,30909,2470
,,,38883,1110
,,,19997,330
,,,11486,140
,,,15830,120
,,,12204,40
,,,,
,,,660207,15230
,,,86913,6990
,,,156694,4370
,,,117647,1940
,,,83460,980
,,,94808,740
,,,120685,210
,,,,
,,,824689,14350
,,,67708,5500
,,,139426,3840
,,,127192,2070
,,,104297,1210
,,,172445,1310
,,,213621,420
,,,,
,,,594879,8330
,,,32658,2870
,,,63564,1720
,,,73966,1190
,,,85918,990
,,,159514,1230
,,,179259,330
,,,,
,,,874090,8910
,,,22107,2140
,,,52500,1400
,,,85696,1370
,,,115200,1320
,,,265282,1980
,,,333305,700
,,,,
,,,819990,14710
,,,72373,6130
,,,123615,3460
,,,115973,1880
,,,104480,1210
,,,201744,1530
,,,201805,500
,,,,
,,,567956,9860
,,,42157,3600
,,,85370,2350
,,,92573,1500
,,,82575,960
,,,154360,1160
,,,110921,290
,,,,
,,,154264,4500
,,,27609,2320
,,,44663,1250
,,,29513,480
,,,20761,240
,,,23964,190
,,,7754,20
,,,,
,,,334616,6230
,,,26684,2270
,,,53335,1470
,,,61386,990
,,,58220,670
,,,93135,730
,,,41856,100
,,,,
,,,105876,4000
,,,31926,2740
,,,30315,870
,,,13547,220
,,,7914,90
,,,22174,80
,,,** ,** 
,,,,
,,,21700,450
,,,1673,150
,,,4313,120
,,,5299,90
,,,3319,40
,,,7096,50
,,,** ,** 
,,,,
,,,21499,500
,,,2484,210
,,,4079,110
,,,5731,90
,,,3349,40
,,,5856,50
,,,** ,** 
,,,,
,,,419512,8650
,,,38598,3300
,,,81661,2240
,,,84771,1380
,,,71366,830
,,,101044,780
,,,42072,120
,,,,
,,,23052,510
,,,2354,190
,,,4601,130
,,,5809,90
,,,4231,50
,,,6057,50
,,,** ,** 
,,,,
,,,43248,970
,,,5536,440
,,,7881,220
,,,6692,110
,,,7768,90
,,,15371,110
,,,** ,** 
,,,,
,,,39683,700
,,,2531,210
,,,6572,180
,,,7134,120
,,,6840,80
,,,16606,110
,,,** ,** 
,,,,
,,,44020,950
,,,4053,370
,,,9027,250
,,,7903,130
,,,7436,90
,,,15601,110
,,,** ,** 
,,,,
,,,207587,4340
,,,19854,1680
,,,41224,1150
,,,39899,650
,,,35984,420
,,,48723,380
,,,21903,60
,,,,
,,,16864,330
,,,1259,110
,,,2375,70
,,,3380,60
,,,3039,40
,,,6811,50
,,,** ,** 
,,,,
,,,23430,480
,,,2068,170
,,,4503,130
,,,3983,70
,,,5183,60
,,,7693,50
,,,** ,** 
,,,,
,,,33792,730
,,,3484,290
,,,7002,190
,,,5463,90
,,,6554,80
,,,11289,80
,,,** ,** 
,,,,
,,,11413,210
,,,742,60
,,,2267,60
,,,1826,30
,,,2244,30
,,,4334,30
,,,** ,** 
,,,,
,,,52790,1100
,,,4494,400
,,,9784,270
,,,10908,180
,,,11187,130
,,,16417,120
,,,** ,** 
,,,,
,,,19469,350
,,,1161,110
,,,2858,80
,,,3267,50
,,,4165,50
,,,8018,60
,,,** ,** 
,,,,
,,,16042,310
,,,1132,100
,,,2848,80
,,,2941,50
,,,2759,30
,,,6362,50
,,,** ,** 
,,,,
,,,22064,450
,,,2038,180
,,,4492,120
,,,4178,70
,,,3725,40
,,,7631,40
,,,** ,** 
,,,,
,,,13351,250
,,,1155,100
,,,2294,60
,,,1554,20
,,,2811,30
,,,5537,40
,,,** ,** 
,,,,
,,,30014,710
,,,3500,300
,,,6784,190
,,,5920,100
,,,4465,50
,,,9345,70
,,,** ,** 
,,,,
,,,8465,190
,,,857,70
,,,1920,50
,,,1732,30
,,,3956,40
,,,** ,** 
,,,** ,** 
,,,,
,,,55187,1200
,,,5873,490
,,,11429,310
,,,10174,170
,,,8126,100
,,,19585,130
,,,** ,** 
,,,,
,,,159585,3240
,,,14950,1310
,,,28259,780
,,,29545,480
,,,24271,280
,,,43105,330
,,,19455,60
,,,,
,,,73123,1550
,,,6818,600
,,,13588,370
,,,16072,260
,,,12809,150
,,,23836,170
,,,** ,** 
,,,,
,,,57544,1320
,,,6644,540
,,,13098,360
,,,11413,180
,,,11394,130
,,,14995,110
,,,** ,** 
,,,,
,,,203597,3880
,,,17557,1540
,,,32237,880
,,,33063,540
,,,34036,390
,,,59146,460
,,,27558,70
,,,,
,,,194080,4070
,,,19187,1640
,,,36799,1010
,,,35130,570
,,,34101,400
,,,51563,400
,,,17300,50
,,,,
,,,78733,1760
,,,11839,860
,,,18419,520
,,,8827,150
,,,6214,70
,,,14427,110
,,,19007,50
,,,,
,,,257931,7410
,,,47120,3560
,,,85778,2410
,,,48346,800
,,,29209,340
,,,32504,250
,,,14974,50
,,,,
,,,1249956,19940
,,,88368,7140
,,,186253,5110
,,,173379,2810
,,,164109,1890
,,,308761,2340
,,,329086,650
,,,,
,,,1921512,21140
,,,86988,7750
,,,142383,3940
,,,146144,2360
,,,169161,1940
,,,494834,3600
,,,882002,1550
,,,,
,,,1101113,20010
,,,82992,6840
,,,193138,5290
,,,193917,3150
,,,177035,2050
,,,298247,2300
,,,155784,380
,,,,
,,,6897,160
,,,781,70
,,,1825,50
,,,1462,20
,,,2829,20
,,,** ,** 
,,,** ,** 
,,,,
,,,137011,2810
,,,11955,1080
,,,25710,710
,,,25938,420
,,,25648,300
,,,34733,270
,,,13027,30
,,,,
,,,90145,1320
,,,4506,410
,,,10525,280
,,,11722,190
,,,12874,150
,,,31659,240
,,,18859,50
,,,,
,,,21248,490
,,,2156,190
,,,5012,140
,,,4802,80
,,,3372,40
,,,5906,40
,,,** ,** 
,,,,
,,,33174,700
,,,3628,280
,,,6486,180
,,,6823,110
,,,6321,70
,,,9916,60
,,,** ,** 
,,,,
,,,98393,1790
,,,6464,580
,,,15549,430
,,,18839,310
,,,17331,200
,,,30028,230
,,,10182,40
,,,,
,,,24307,530
,,,2111,190
,,,5491,150
,,,4103,70
,,,4841,60
,,,7761,60
,,,** ,** 
,,,,
,,,38869,820
,,,3672,310
,,,7753,210
,,,8071,130
,,,7011,80
,,,12362,90
,,,** ,** 
,,,,
,,,21257,400
,,,1483,130
,,,4086,110
,,,3835,60
,,,4607,50
,,,7246,50
,,,** ,** 
,,,,
,,,27924,520
,,,2227,180
,,,4891,140
,,,4733,80
,,,4268,50
,,,11805,70
,,,** ,** 
,,,,
,,,134164,2470
,,,10758,890
,,,19962,550
,,,25132,400
,,,24540,290
,,,38226,300
,,,15546,40
,,,,
,,,647110,12970
,,,56337,4840
,,,127145,3520
,,,113505,1850
,,,105127,1220
,,,171833,1330
,,,73163,210
,,,,
,,,35110,700
,,,2882,240
,,,6796,180
,,,8622,140
,,,6352,70
,,,10458,70
,,,** ,** 
,,,,
,,,15954,330
,,,1282,120
,,,3247,90
,,,2967,50
,,,3597,40
,,,4861,30
,,,** ,** 
,,,,
,,,24615,460
,,,1754,150
,,,4770,120
,,,4888,80
,,,3981,50
,,,9222,60
,,,** ,** 
,,,,
,,,84447,1680
,,,7001,610
,,,16088,450
,,,16060,260
,,,13475,160
,,,23001,170
,,,8822,30
,,,,
,,,50135,880
,,,3306,310
,,,6909,190
,,,9080,150
,,,8500,100
,,,13887,100
,,,8453,30
,,,,
,,,27881,590
,,,2554,210
,,,6967,190
,,,5739,90
,,,4432,50
,,,8189,50
,,,** ,** 
,,,,
,,,28059,600
,,,2249,210
,,,6157,170
,,,5368,90
,,,5210,60
,,,9075,70
,,,** ,** 
,,,,
,,,16034,390
,,,1798,160
,,,3934,110
,,,3945,60
,,,3424,40
,,,2933,20
,,,** ,** 
,,,,
,,,47830,1010
,,,4789,410
,,,9477,260
,,,10045,160
,,,6826,80
,,,16693,100
,,,** ,** 
,,,,
,,,50498,1180
,,,5462,480
,,,11425,320
,,,10593,170
,,,8254,100
,,,14764,110
,,,** ,** 
,,,,
,,,53883,1060
,,,4553,380
,,,10371,290
,,,9511,150
,,,9227,110
,,,20221,130
,,,** ,** 
,,,,
,,,21559,430
,,,1747,150
,,,3847,100
,,,4151,70
,,,5447,60
,,,6367,50
,,,** ,** 
,,,,
,,,29854,720
,,,3358,300
,,,6820,190
,,,6278,100
,,,6888,80
,,,6510,50
,,,** ,** 
,,,,
,,,50321,1220
,,,5814,470
,,,14941,410
,,,10454,170
,,,7403,90
,,,11709,80
,,,** ,** 
,,,,
,,,381735,7320
,,,32479,2880
,,,68963,1910
,,,63554,1030
,,,55116,630
,,,93056,710
,,,68567,160
,,,,
,,,41469,920
,,,4017,360
,,,8894,240
,,,8092,130
,,,8950,110
,,,11516,80
,,,** ,** 
,,,,
,,,17121,330
,,,1128,100
,,,2745,70
,,,4859,80
,,,3312,40
,,,5077,40
,,,** ,** 
,,,,
,,,28165,490
,,,1961,170
,,,4764,130
,,,4503,70
,,,3579,40
,,,13358,80
,,,** ,** 
,,,,
,,,49651,950
,,,3723,330
,,,9848,270
,,,8107,130
,,,6612,80
,,,21361,140
,,,** ,** 
,,,,
,,,37620,850
,,,3482,310
,,,8519,240
,,,7823,130
,,,7439,90
,,,10357,80
,,,** ,** 
,,,,
,,,26085,510
,,,1979,170
,,,5126,140
,,,5810,90
,,,5017,60
,,,8153,50
,,,** ,** 
,,,,
,,,21577,340
,,,1414,110
,,,2412,60
,,,4508,70
,,,3754,40
,,,9489,60
,,,** ,** 
,,,,
,,,60337,1070
,,,4564,380
,,,10674,290
,,,10359,170
,,,8086,90
,,,13853,110
,,,12801,30
,,,,
,,,257535,5020
,,,20513,1870
,,,45759,1240
,,,46482,760
,,,44734,520
,,,71389,550
,,,28658,80
,,,,
,,,26313,510
,,,1934,180
,,,4792,130
,,,5680,90
,,,4348,50
,,,9559,60
,,,** ,** 
,,,,
,,,24545,400
,,,1313,120
,,,3308,90
,,,4454,70
,,,4465,50
,,,11005,70
,,,** ,** 
,,,,
,,,81723,1790
,,,7428,690
,,,18381,500
,,,16074,260
,,,13013,150
,,,26827,190
,,,** ,** 
,,,,
,,,30678,550
,,,2012,180
,,,5338,140
,,,5446,90
,,,4889,60
,,,12993,80
,,,** ,** 
,,,,
,,,40359,840
,,,3293,290
,,,8563,240
,,,7743,130
,,,6506,80
,,,14254,100
,,,** ,** 
,,,,
,,,21733,460
,,,2153,180
,,,4443,120
,,,4435,70
,,,4088,50
,,,6614,40
,,,** ,** 
,,,,
,,,44882,710
,,,2408,210
,,,5590,150
,,,6457,100
,,,9346,110
,,,21081,140
,,,** ,** 
,,,,
,,,94300,1810
,,,6895,620
,,,17048,470
,,,18114,290
,,,16700,190
,,,28718,220
,,,6825,20
,,,,
,,,14845,290
,,,1214,90
,,,2931,80
,,,2272,40
,,,3385,40
,,,5043,40
,,,** ,** 
,,,,
,,,41097,810
,,,3201,290
,,,7604,210
,,,6564,110
,,,7489,90
,,,16239,110
,,,** ,** 
,,,,
,,,1317094,25160
,,,122692,10080
,,,251928,6960
,,,221136,3620
,,,175504,2040
,,,251499,1910
,,,294335,550
